_ID,TotalHeartbeats,Heartrate,WorkoutActive,Timestamp,
1,0.0,79.0,true,1481384630001,
2,0.0,80.0,true,1481384631003,
3,0.0,80.0,true,1481384632003,
4,0.0,80.0,true,1481384633004,
5,0.0,80.0,true,1481384634004,
6,0.0,80.0,true,1481384635004,
7,0.0,80.0,true,1481384636004,
8,0.0,79.0,true,1481384637005,
9,0.0,78.0,true,1481384638007,
10,0.0,77.0,true,1481384639008,
11,0.0,74.0,true,1481384640008,
12,0.0,72.0,true,1481384641011,
13,0.0,71.0,true,1481384642010,
14,0.0,70.0,true,1481384643010,
15,0.0,70.0,true,1481384644010,
16,0.0,70.0,true,1481384645010,
17,0.0,70.0,true,1481384646012,
18,0.0,70.0,true,1481384647012,
19,0.0,70.0,true,1481384648012,
20,0.0,71.0,true,1481384649013,
21,0.0,71.0,true,1481384650016,
22,0.0,71.0,true,1481384651017,
23,0.0,70.0,true,1481384652017,
24,0.0,69.0,true,1481384653018,
25,0.0,69.0,true,1481384654024,
26,0.0,69.0,true,1481384655023,
27,0.0,69.0,true,1481384656024,
28,0.0,69.0,true,1481384657026,
29,0.0,69.0,true,1481384658026,
30,0.0,70.0,true,1481384659030,
31,0.0,70.0,true,1481384660030,
32,0.0,70.0,true,1481384661030,
33,0.0,71.0,true,1481384662030,
34,0.0,71.0,true,1481384663033,
35,0.0,71.0,true,1481384664034,
36,0.0,71.0,true,1481384665035,
37,0.0,74.0,true,1481384667035,
38,0.0,75.0,true,1481384669039,
39,0.0,78.0,true,1481384671040,
40,0.0,78.0,true,1481384672040,
41,0.0,78.0,true,1481384673041,
42,0.0,78.0,true,1481384674044,
43,0.0,78.0,true,1481384675044,
44,0.0,78.0,true,1481384676045,
45,0.0,81.0,true,1481384679048,
46,0.0,82.0,true,1481384681049,
47,0.0,83.0,true,1481384683055,
48,0.0,86.0,true,1481384684052,
49,0.0,87.0,true,1481384685053,
50,0.0,89.0,true,1481384686054,
51,0.0,90.0,true,1481384687055,
52,0.0,91.0,true,1481384688055,
53,0.0,92.0,true,1481384689057,
54,0.0,92.0,true,1481384690059,
55,0.0,93.0,true,1481384691059,
56,0.0,94.0,true,1481384692060,
57,0.0,96.0,true,1481384694062,
58,0.0,97.0,true,1481384695066,
59,0.0,99.0,true,1481384696069,
60,0.0,100.0,true,1481384697063,
61,0.0,101.0,true,1481384698063,
62,0.0,103.0,true,1481384699065,
63,0.0,104.0,true,1481384700070,
64,0.0,105.0,true,1481384701066,
65,0.0,106.0,true,1481384702067,
66,0.0,107.0,true,1481384703067,
67,0.0,108.0,true,1481384704067,
68,0.0,108.0,true,1481384705069,
69,0.0,108.0,true,1481384706071,
70,0.0,108.0,true,1481384707072,
71,0.0,107.0,true,1481384709074,
72,0.0,106.0,true,1481384710075,
73,0.0,106.0,true,1481384711076,
74,0.0,106.0,true,1481384712077,
75,0.0,107.0,true,1481384713078,
76,0.0,108.0,true,1481384714079,
77,0.0,108.0,true,1481384715080,
78,0.0,108.0,true,1481384716082,
79,0.0,108.0,true,1481384717083,
80,0.0,107.0,true,1481384718085,
81,0.0,107.0,true,1481384720088,
82,0.0,106.0,true,1481384723092,
83,0.0,105.0,true,1481384724097,
84,0.0,104.0,true,1481384725094,
85,0.0,103.0,true,1481384726094,
86,0.0,102.0,true,1481384727095,
87,0.0,98.0,true,1481384731100,
88,0.0,98.0,true,1481384733103,
89,0.0,97.0,true,1481384734107,
90,0.0,95.0,true,1481384737108,
91,0.0,94.0,true,1481384738111,
92,0.0,92.0,true,1481384739109,
93,0.0,91.0,true,1481384740111,
94,0.0,90.0,true,1481384741111,
95,0.0,86.0,true,1481384743113,
96,0.0,85.0,true,1481384744114,
97,0.0,84.0,true,1481384745116,
98,0.0,82.0,true,1481384746116,
99,0.0,80.0,true,1481384748121,
100,0.0,78.0,true,1481384749121,
101,0.0,77.0,true,1481384750123,
102,0.0,77.0,true,1481384751124,
103,0.0,76.0,true,1481384752125,
104,0.0,76.0,true,1481384753126,
105,0.0,76.0,true,1481384754127,
106,0.0,77.0,true,1481384756130,
107,0.0,77.0,true,1481384760134,
108,0.0,77.0,true,1481384761137,
109,0.0,77.0,true,1481384764142,
110,0.0,77.0,true,1481384766144,
111,0.0,77.0,true,1481384767145,
112,0.0,78.0,true,1481384769148,
113,0.0,79.0,true,1481384770148,
114,0.0,79.0,true,1481384771153,
115,0.0,79.0,true,1481384772151,
116,0.0,78.0,true,1481384773152,
117,0.0,78.0,true,1481384774153,
118,0.0,77.0,true,1481384775154,
119,0.0,77.0,true,1481384776156,
120,0.0,76.0,true,1481384778158,
121,0.0,76.0,true,1481384780159,
122,0.0,77.0,true,1481384781161,
123,0.0,77.0,true,1481384782164,
124,0.0,77.0,true,1481384783162,
125,0.0,79.0,true,1481384785165,
126,0.0,79.0,true,1481384787167,
127,0.0,79.0,true,1481384789170,
128,0.0,77.0,true,1481384791171,
129,0.0,77.0,true,1481384793173,
130,0.0,78.0,true,1481384794173,
131,0.0,78.0,true,1481384796178,
132,0.0,83.0,true,1481384800183,
133,0.0,83.0,true,1481384801184,
134,0.0,85.0,true,1481384803186,
135,0.0,86.0,true,1481384804187,
136,0.0,87.0,true,1481384805188,
137,0.0,91.0,true,1481384809196,
138,0.0,91.0,true,1481384810197,
139,0.0,91.0,true,1481384813198,
140,0.0,91.0,true,1481384814198,
141,0.0,91.0,true,1481384816201,
142,0.0,91.0,true,1481384818202,
143,0.0,89.0,true,1481384821205,
144,0.0,89.0,true,1481384823208,
145,0.0,89.0,true,1481384824208,
146,0.0,89.0,true,1481384825208,
147,0.0,91.0,true,1481384826210,
148,0.0,92.0,true,1481384827211,
149,0.0,93.0,true,1481384828213,
150,0.0,94.0,true,1481384829214,
151,0.0,94.0,true,1481384830214,
152,0.0,94.0,true,1481384831216,
153,0.0,93.0,true,1481384833220,
154,0.0,91.0,true,1481384835223,
155,0.0,90.0,true,1481384836224,
156,0.0,90.0,true,1481384837225,
157,0.0,90.0,true,1481384838227,
158,0.0,91.0,true,1481384840228,
159,0.0,93.0,true,1481384843231,
160,0.0,93.0,true,1481384844231,
161,0.0,94.0,true,1481384845233,
162,0.0,93.0,true,1481384847235,
163,0.0,93.0,true,1481384848237,
164,0.0,93.0,true,1481384849238,
165,0.0,93.0,true,1481384850239,
166,0.0,93.0,true,1481384851241,
167,0.0,91.0,true,1481384852240,
168,0.0,85.0,true,1481384853241,
169,0.0,85.0,true,1481384854243,
170,0.0,81.0,true,1481384857245,
171,0.0,81.0,true,1481384858247,
172,0.0,80.0,true,1481384859248,
173,0.0,79.0,true,1481384860251,
174,0.0,82.0,true,1481384861249,
175,0.0,89.0,true,1481384863251,
176,0.0,92.0,true,1481384864253,
177,0.0,92.0,true,1481384865257,
178,0.0,93.0,true,1481384867258,
179,0.0,92.0,true,1481384868259,
180,0.0,92.0,true,1481384870262,
181,0.0,92.0,true,1481384871263,
182,0.0,92.0,true,1481384872264,
183,0.0,92.0,true,1481384874266,
184,0.0,92.0,true,1481384875268,
185,0.0,92.0,true,1481384876272,
186,0.0,92.0,true,1481384877272,
187,0.0,91.0,true,1481384879276,
188,0.0,91.0,true,1481384880277,
189,0.0,92.0,true,1481384881278,
190,0.0,92.0,true,1481384882280,
191,0.0,92.0,true,1481384883281,
192,0.0,92.0,true,1481384884281,
193,0.0,92.0,true,1481384885283,
194,0.0,91.0,true,1481384886283,
195,0.0,91.0,true,1481384888286,
196,0.0,91.0,true,1481384889286,
197,0.0,91.0,true,1481384890288,
198,0.0,91.0,true,1481384891289,
199,0.0,92.0,true,1481384892291,
200,0.0,92.0,true,1481384893291,
201,0.0,94.0,true,1481384894294,
202,0.0,94.0,true,1481384895295,
203,0.0,101.0,true,1481384897297,
204,0.0,103.0,true,1481384898298,
205,0.0,106.0,true,1481384899300,
206,0.0,108.0,true,1481384900299,
207,0.0,109.0,true,1481384901299,
208,0.0,111.0,true,1481384902299,
209,0.0,112.0,true,1481384903299,
210,0.0,112.0,true,1481384904300,
211,0.0,112.0,true,1481384905299,
212,0.0,112.0,true,1481384906299,
213,0.0,110.0,true,1481384907300,
214,0.0,109.0,true,1481384908301,
215,0.0,107.0,true,1481384909301,
216,0.0,106.0,true,1481384910302,
217,0.0,104.0,true,1481384911302,
218,0.0,103.0,true,1481384912303,
219,0.0,103.0,true,1481384913305,
220,0.0,102.0,true,1481384914305,
221,0.0,101.0,true,1481384915306,
222,0.0,100.0,true,1481384916307,
223,0.0,99.0,true,1481384917318,
224,0.0,98.0,true,1481384918319,
225,0.0,97.0,true,1481384919321,
226,0.0,97.0,true,1481384920321,
227,0.0,97.0,true,1481384921322,
228,0.0,97.0,true,1481384922323,
229,0.0,98.0,true,1481384923323,
230,0.0,98.0,true,1481384924325,
231,0.0,99.0,true,1481384925324,
232,0.0,99.0,true,1481384927332,
233,0.0,98.0,true,1481384928327,
234,0.0,97.0,true,1481384929328,
235,0.0,87.0,true,1481384937340,
236,0.0,86.0,true,1481384938340,
237,0.0,87.0,true,1481384941343,
238,0.0,92.0,true,1481384942344,
239,0.0,95.0,true,1481384946348,
240,0.0,95.0,true,1481384948351,
241,0.0,95.0,true,1481384949351,
242,0.0,94.0,true,1481384950357,
243,0.0,90.0,true,1481384952354,
244,0.0,87.0,true,1481384957360,
245,0.0,85.0,true,1481384966368,
246,0.0,85.0,true,1481384967369,
247,0.0,86.0,true,1481384973377,
248,0.0,92.0,true,1481384977385,
249,0.0,89.0,true,1481384979386,
250,0.0,89.0,true,1481384980387,
251,0.0,89.0,true,1481384981388,
252,0.0,89.0,true,1481384982388,
253,0.0,89.0,true,1481384983388,
254,0.0,89.0,true,1481384984389,
255,0.0,89.0,true,1481384985390,
256,0.0,88.0,true,1481384986391,
257,0.0,88.0,true,1481384987392,
258,0.0,87.0,true,1481384988392,
259,0.0,87.0,true,1481384989393,
260,0.0,87.0,true,1481384990394,
261,0.0,87.0,true,1481384991395,
262,0.0,88.0,true,1481384992395,
263,0.0,88.0,true,1481384993397,
264,0.0,88.0,true,1481384994398,
265,0.0,88.0,true,1481384995398,
266,0.0,88.0,true,1481384996399,
267,0.0,87.0,true,1481384997400,
268,0.0,87.0,true,1481384998400,
269,0.0,85.0,true,1481385000403,
270,0.0,84.0,true,1481385001403,
271,0.0,83.0,true,1481385002404,
272,0.0,83.0,true,1481385003405,
273,0.0,83.0,true,1481385004406,
274,0.0,83.0,true,1481385005407,
275,0.0,83.0,true,1481385006408,
276,0.0,83.0,true,1481385007409,
277,0.0,83.0,true,1481385008410,
278,0.0,83.0,true,1481385009412,
279,0.0,83.0,true,1481385010413,
280,0.0,83.0,true,1481385011414,
281,0.0,82.0,true,1481385012416,
282,0.0,82.0,true,1481385013417,
283,0.0,81.0,true,1481385014417,
284,0.0,81.0,true,1481385015417,
285,0.0,81.0,true,1481385016417,
286,0.0,81.0,true,1481385017418,
287,0.0,80.0,true,1481385018419,
288,0.0,80.0,true,1481385019420,
289,0.0,79.0,true,1481385020421,
290,0.0,78.0,true,1481385021421,
291,0.0,77.0,true,1481385022422,
292,0.0,76.0,true,1481385023423,
293,0.0,76.0,true,1481385024423,
294,0.0,75.0,true,1481385025423,
295,0.0,75.0,true,1481385026424,
296,0.0,74.0,true,1481385027425,
297,0.0,74.0,true,1481385028426,
298,0.0,74.0,true,1481385029427,
299,0.0,74.0,true,1481385030428,
300,0.0,75.0,true,1481385031429,
301,0.0,74.0,true,1481385032431,
302,0.0,74.0,true,1481385033430,
303,0.0,74.0,true,1481385034431,
304,0.0,74.0,true,1481385035432,
305,0.0,74.0,true,1481385036433,
306,0.0,74.0,true,1481385037434,
307,0.0,74.0,true,1481385038435,
308,0.0,73.0,true,1481385039436,
309,0.0,73.0,true,1481385040437,
310,0.0,73.0,true,1481385041439,
311,0.0,73.0,true,1481385042439,
312,0.0,72.0,true,1481385043440,
313,0.0,72.0,true,1481385044440,
314,0.0,72.0,true,1481385045441,
315,0.0,73.0,true,1481385046442,
316,0.0,73.0,true,1481385047443,
317,0.0,74.0,true,1481385048444,
318,0.0,75.0,true,1481385049445,
319,0.0,77.0,true,1481385051447,
320,0.0,78.0,true,1481385052448,
321,0.0,80.0,true,1481385054451,
322,0.0,82.0,true,1481385055451,
323,0.0,83.0,true,1481385056452,
324,0.0,86.0,true,1481385057454,
325,0.0,89.0,true,1481385061458,
326,0.0,89.0,true,1481385062459,
327,0.0,89.0,true,1481385063459,
328,0.0,90.0,true,1481385065464,
329,0.0,90.0,true,1481385066464,
330,0.0,90.0,true,1481385067465,
331,0.0,90.0,true,1481385068466,
332,0.0,90.0,true,1481385069467,
333,0.0,90.0,true,1481385070467,
334,0.0,91.0,true,1481385071468,
335,0.0,92.0,true,1481385072469,
336,0.0,93.0,true,1481385073470,
337,0.0,95.0,true,1481385074471,
338,0.0,96.0,true,1481385075472,
339,0.0,97.0,true,1481385076473,
340,0.0,97.0,true,1481385077474,
341,0.0,98.0,true,1481385079476,
342,0.0,98.0,true,1481385080477,
343,0.0,98.0,true,1481385081477,
344,0.0,98.0,true,1481385082478,
345,0.0,99.0,true,1481385083480,
346,0.0,100.0,true,1481385084481,
347,0.0,101.0,true,1481385085482,
348,0.0,101.0,true,1481385086484,
349,0.0,102.0,true,1481385087484,
350,0.0,103.0,true,1481385088485,
351,0.0,103.0,true,1481385089486,
352,0.0,104.0,true,1481385090487,
353,0.0,104.0,true,1481385091488,
354,0.0,103.0,true,1481385092489,
355,0.0,103.0,true,1481385093490,
356,0.0,102.0,true,1481385094492,
357,0.0,102.0,true,1481385095493,
358,0.0,103.0,true,1481385097495,
359,0.0,104.0,true,1481385098496,
360,0.0,106.0,true,1481385099499,
361,0.0,108.0,true,1481385100499,
362,0.0,112.0,true,1481385102500,
363,0.0,113.0,true,1481385103501,
364,0.0,114.0,true,1481385104503,
365,0.0,116.0,true,1481385105506,
366,0.0,116.0,true,1481385106504,
367,0.0,117.0,true,1481385107505,
368,0.0,118.0,true,1481385108506,
369,0.0,119.0,true,1481385109508,
370,0.0,121.0,true,1481385110516,
371,0.0,121.0,true,1481385111509,
372,0.0,122.0,true,1481385112513,
373,0.0,122.99999999999999,true,1481385113511,
374,0.0,124.00000000000001,true,1481385114512,
375,0.0,125.00000000000001,true,1481385115513,
376,0.0,126.0,true,1481385116514,
377,0.0,128.0,true,1481385117516,
378,0.0,129.0,true,1481385118517,
379,0.0,130.0,true,1481385119517,
380,0.0,131.0,true,1481385121519,
381,0.0,131.0,true,1481385122521,
382,0.0,131.0,true,1481385123521,
383,0.0,131.0,true,1481385124522,
384,0.0,132.0,true,1481385125524,
385,0.0,132.0,true,1481385126524,
386,0.0,132.0,true,1481385127525,
387,0.0,132.0,true,1481385128528,
388,0.0,132.0,true,1481385129527,
389,0.0,132.0,true,1481385130528,
390,0.0,133.0,true,1481385131530,
391,0.0,133.0,true,1481385132531,
392,0.0,134.0,true,1481385133532,
393,0.0,134.0,true,1481385134533,
394,0.0,135.0,true,1481385135534,
395,0.0,136.0,true,1481385136541,
396,0.0,136.0,true,1481385137535,
397,0.0,137.0,true,1481385138538,
398,0.0,137.0,true,1481385139541,
399,0.0,137.0,true,1481385140540,
400,0.0,137.0,true,1481385141540,
401,0.0,136.0,true,1481385142541,
402,0.0,136.0,true,1481385143542,
403,0.0,136.0,true,1481385145546,
404,0.0,136.0,true,1481385146548,
405,0.0,137.0,true,1481385147549,
406,0.0,138.0,true,1481385148550,
407,0.0,138.0,true,1481385149551,
408,0.0,139.0,true,1481385150552,
409,0.0,140.0,true,1481385151554,
410,0.0,141.0,true,1481385152554,
411,0.0,142.0,true,1481385153556,
412,0.0,143.0,true,1481385154557,
413,0.0,144.0,true,1481385156559,
414,0.0,145.0,true,1481385157561,
415,0.0,146.0,true,1481385158562,
416,0.0,147.0,true,1481385159562,
417,0.0,147.0,true,1481385160563,
418,0.0,148.0,true,1481385161564,
419,0.0,148.0,true,1481385162566,
420,0.0,148.0,true,1481385163566,
421,0.0,149.0,true,1481385164568,
422,0.0,150.0,true,1481385165568,
423,0.0,150.0,true,1481385166569,
424,0.0,150.0,true,1481385167570,
425,0.0,149.0,true,1481385168581,
426,0.0,149.0,true,1481385169581,
427,0.0,149.0,true,1481385170581,
428,0.0,148.0,true,1481385171583,
429,0.0,148.0,true,1481385172585,
430,0.0,149.0,true,1481385174592,
431,0.0,149.0,true,1481385175591,
432,0.0,149.0,true,1481385176591,
433,0.0,149.0,true,1481385177609,
434,0.0,149.0,true,1481385178597,
435,0.0,150.0,true,1481385179602,
436,0.0,151.0,true,1481385180595,
437,0.0,151.0,true,1481385181597,
438,0.0,151.0,true,1481385182597,
439,0.0,151.0,true,1481385183598,
440,0.0,151.0,true,1481385184599,
441,0.0,152.0,true,1481385185607,
442,0.0,152.0,true,1481385186601,
443,0.0,152.0,true,1481385187602,
444,0.0,151.0,true,1481385188604,
445,0.0,151.0,true,1481385189605,
446,0.0,151.0,true,1481385190606,
447,0.0,150.0,true,1481385191607,
448,0.0,150.0,true,1481385192608,
449,0.0,150.0,true,1481385193608,
450,0.0,151.0,true,1481385194614,
451,0.0,151.0,true,1481385195608,
452,0.0,151.0,true,1481385196609,
453,0.0,151.0,true,1481385197609,
454,0.0,151.0,true,1481385198610,
455,0.0,150.0,true,1481385199612,
456,0.0,149.0,true,1481385200613,
457,0.0,148.0,true,1481385201614,
458,0.0,146.0,true,1481385202618,
459,0.0,145.0,true,1481385203617,
460,0.0,145.0,true,1481385204618,
461,0.0,144.0,true,1481385205620,
462,0.0,144.0,true,1481385206621,
463,0.0,144.0,true,1481385208624,
464,0.0,144.0,true,1481385210631,
465,0.0,144.0,true,1481385211632,
466,0.0,144.0,true,1481385212633,
467,0.0,144.0,true,1481385213635,
468,0.0,144.0,true,1481385214635,
469,0.0,144.0,true,1481385215636,
470,0.0,144.0,true,1481385216636,
471,0.0,144.0,true,1481385217637,
472,0.0,144.0,true,1481385218638,
473,0.0,145.0,true,1481385219639,
474,0.0,145.0,true,1481385220640,
475,0.0,146.0,true,1481385221641,
476,0.0,146.0,true,1481385222642,
477,0.0,145.0,true,1481385223644,
478,0.0,145.0,true,1481385224644,
479,0.0,145.0,true,1481385225645,
480,0.0,144.0,true,1481385226647,
481,0.0,144.0,true,1481385227647,
482,0.0,144.0,true,1481385228648,
483,0.0,144.0,true,1481385229650,
484,0.0,144.0,true,1481385230650,
485,0.0,144.0,true,1481385231652,
486,0.0,145.0,true,1481385232652,
487,0.0,145.0,true,1481385233653,
488,0.0,145.0,true,1481385234658,
489,0.0,145.0,true,1481385235655,
490,0.0,147.0,true,1481385237661,
491,0.0,147.0,true,1481385238662,
492,0.0,148.0,true,1481385239662,
493,0.0,148.0,true,1481385240664,
494,0.0,150.0,true,1481385241666,
495,0.0,151.0,true,1481385242667,
496,0.0,152.0,true,1481385243669,
497,0.0,153.0,true,1481385244670,
498,0.0,153.0,true,1481385245676,
499,0.0,154.0,true,1481385246672,
500,0.0,155.0,true,1481385247674,
501,0.0,156.0,true,1481385248675,
502,0.0,157.0,true,1481385249677,
503,0.0,158.0,true,1481385250678,
504,0.0,158.0,true,1481385251679,
505,0.0,158.0,true,1481385252679,
506,0.0,159.0,true,1481385253680,
507,0.0,159.0,true,1481385254684,
508,0.0,159.0,true,1481385255685,
509,0.0,159.0,true,1481385256686,
510,0.0,160.0,true,1481385257688,
511,0.0,160.0,true,1481385258690,
512,0.0,160.0,true,1481385259691,
513,0.0,160.0,true,1481385261694,
514,0.0,160.0,true,1481385262695,
515,0.0,160.0,true,1481385263699,
516,0.0,160.0,true,1481385266699,
517,0.0,160.0,true,1481385267700,
518,0.0,160.0,true,1481385268702,
519,0.0,160.0,true,1481385269702,
520,0.0,160.0,true,1481385270703,
521,0.0,160.0,true,1481385271704,
522,0.0,161.0,true,1481385272708,
523,0.0,161.0,true,1481385273709,
524,0.0,162.0,true,1481385274712,
525,0.0,162.0,true,1481385275713,
526,0.0,163.0,true,1481385276715,
527,0.0,163.0,true,1481385277714,
528,0.0,164.0,true,1481385278716,
529,0.0,165.0,true,1481385279717,
530,0.0,165.0,true,1481385280718,
531,0.0,165.0,true,1481385281720,
532,0.0,165.0,true,1481385282721,
533,0.0,165.0,true,1481385283722,
534,0.0,165.0,true,1481385284723,
535,0.0,165.0,true,1481385285724,
536,0.0,165.0,true,1481385286726,
537,0.0,165.0,true,1481385288727,
538,0.0,165.0,true,1481385289729,
539,0.0,164.0,true,1481385290729,
540,0.0,164.0,true,1481385291735,
541,0.0,163.0,true,1481385292732,
542,0.0,163.0,true,1481385293733,
543,0.0,162.0,true,1481385294734,
544,0.0,162.0,true,1481385295736,
545,0.0,162.0,true,1481385296738,
546,0.0,161.0,true,1481385298748,
547,0.0,161.0,true,1481385299748,
548,0.0,160.0,true,1481385300750,
549,0.0,159.0,true,1481385302755,
550,0.0,159.0,true,1481385303752,
551,0.0,159.0,true,1481385304753,
552,0.0,159.0,true,1481385305757,
553,0.0,159.0,true,1481385306756,
554,0.0,159.0,true,1481385307757,
555,0.0,159.0,true,1481385308759,
556,0.0,159.0,true,1481385309761,
557,0.0,159.0,true,1481385310763,
558,0.0,160.0,true,1481385311764,
559,0.0,160.0,true,1481385312766,
560,0.0,160.0,true,1481385313766,
561,0.0,160.0,true,1481385316768,
562,0.0,160.0,true,1481385317769,
563,0.0,160.0,true,1481385318770,
564,0.0,160.0,true,1481385319771,
565,0.0,160.0,true,1481385320772,
566,0.0,160.0,true,1481385321773,
567,0.0,160.0,true,1481385322775,
568,0.0,160.0,true,1481385323776,
569,0.0,160.0,true,1481385324777,
570,0.0,160.0,true,1481385326780,
571,0.0,161.0,true,1481385327781,
572,0.0,161.0,true,1481385328782,
573,0.0,161.0,true,1481385329784,
574,0.0,161.0,true,1481385330784,
575,0.0,161.0,true,1481385331786,
576,0.0,161.0,true,1481385332787,
577,0.0,161.0,true,1481385333787,
578,0.0,162.0,true,1481385334788,
579,0.0,162.0,true,1481385335789,
580,0.0,162.0,true,1481385336790,
581,0.0,163.0,true,1481385337792,
582,0.0,163.0,true,1481385338793,
583,0.0,163.0,true,1481385339794,
584,0.0,163.0,true,1481385340796,
585,0.0,163.0,true,1481385342798,
586,0.0,163.0,true,1481385343798,
587,0.0,163.0,true,1481385344800,
588,0.0,163.0,true,1481385345801,
589,0.0,164.0,true,1481385347803,
590,0.0,164.0,true,1481385348804,
591,0.0,164.0,true,1481385350809,
592,0.0,163.0,true,1481385352812,
593,0.0,163.0,true,1481385353812,
594,0.0,162.0,true,1481385354816,
595,0.0,162.0,true,1481385355816,
596,0.0,161.0,true,1481385356820,
597,0.0,161.0,true,1481385357821,
598,0.0,161.0,true,1481385358823,
599,0.0,161.0,true,1481385359828,
600,0.0,161.0,true,1481385360834,
601,0.0,162.0,true,1481385361831,
602,0.0,162.0,true,1481385362831,
603,0.0,162.0,true,1481385363832,
604,0.0,162.0,true,1481385364834,
605,0.0,163.0,true,1481385365835,
606,0.0,163.0,true,1481385366836,
607,0.0,163.0,true,1481385367839,
608,0.0,163.0,true,1481385368841,
609,0.0,163.0,true,1481385369841,
610,0.0,164.0,true,1481385370843,
611,0.0,164.0,true,1481385372846,
612,0.0,164.0,true,1481385373846,
613,0.0,164.0,true,1481385375849,
614,0.0,164.0,true,1481385376852,
615,0.0,164.0,true,1481385377854,
616,0.0,164.0,true,1481385378856,
617,0.0,164.0,true,1481385379857,
618,0.0,164.0,true,1481385380857,
619,0.0,164.0,true,1481385382857,
620,0.0,164.0,true,1481385383861,
621,0.0,164.0,true,1481385384861,
622,0.0,165.0,true,1481385385862,
623,0.0,165.0,true,1481385386865,
624,0.0,165.0,true,1481385387866,
625,0.0,165.0,true,1481385388867,
626,0.0,165.0,true,1481385389868,
627,0.0,165.0,true,1481385390872,
628,0.0,165.0,true,1481385391874,
629,0.0,164.0,true,1481385392876,
630,0.0,165.0,true,1481385393876,
631,0.0,165.0,true,1481385394877,
632,0.0,165.0,true,1481385395877,
633,0.0,165.0,true,1481385396877,
634,0.0,165.0,true,1481385397878,
635,0.0,165.0,true,1481385398877,
636,0.0,165.0,true,1481385399877,
637,0.0,165.0,true,1481385400882,
638,0.0,166.0,true,1481385401883,
639,0.0,167.0,true,1481385402884,
640,0.0,167.0,true,1481385403885,
641,0.0,166.0,true,1481385404886,
642,0.0,166.0,true,1481385405889,
643,0.0,166.0,true,1481385406890,
644,0.0,166.0,true,1481385407891,
645,0.0,166.0,true,1481385408892,
646,0.0,166.0,true,1481385410897,
647,0.0,165.0,true,1481385412898,
648,0.0,164.0,true,1481385413899,
649,0.0,163.0,true,1481385414900,
650,0.0,161.0,true,1481385415899,
651,0.0,160.0,true,1481385416901,
652,0.0,159.0,true,1481385417903,
653,0.0,159.0,true,1481385418903,
654,0.0,159.0,true,1481385419904,
655,0.0,158.0,true,1481385420905,
656,0.0,157.0,true,1481385422908,
657,0.0,158.0,true,1481385424910,
658,0.0,157.0,true,1481385425911,
659,0.0,158.0,true,1481385426912,
660,0.0,158.0,true,1481385427924,
661,0.0,158.0,true,1481385428918,
662,0.0,159.0,true,1481385429916,
663,0.0,159.0,true,1481385430917,
664,0.0,160.0,true,1481385431919,
665,0.0,160.0,true,1481385432920,
666,0.0,161.0,true,1481385433922,
667,0.0,160.0,true,1481385434924,
668,0.0,161.0,true,1481385435926,
669,0.0,161.0,true,1481385436928,
670,0.0,161.0,true,1481385437929,
671,0.0,161.0,true,1481385438931,
672,0.0,161.0,true,1481385440934,
673,0.0,161.0,true,1481385441936,
674,0.0,162.0,true,1481385442937,
675,0.0,162.0,true,1481385443939,
676,0.0,162.0,true,1481385444940,
677,0.0,162.0,true,1481385445941,
678,0.0,162.0,true,1481385446942,
679,0.0,161.0,true,1481385447943,
680,0.0,161.0,true,1481385448945,
681,0.0,161.0,true,1481385449946,
682,0.0,161.0,true,1481385451947,
683,0.0,161.0,true,1481385452949,
684,0.0,161.0,true,1481385453951,
685,0.0,161.0,true,1481385454951,
686,0.0,161.0,true,1481385455953,
687,0.0,162.0,true,1481385456954,
688,0.0,163.0,true,1481385457956,
689,0.0,163.0,true,1481385458958,
690,0.0,164.0,true,1481385459959,
691,0.0,164.0,true,1481385460961,
692,0.0,164.0,true,1481385461961,
693,0.0,164.0,true,1481385462963,
694,0.0,165.0,true,1481385464966,
695,0.0,165.0,true,1481385465968,
696,0.0,166.0,true,1481385466970,
697,0.0,167.0,true,1481385467971,
698,0.0,167.0,true,1481385468979,
699,0.0,167.0,true,1481385469974,
700,0.0,166.0,true,1481385470974,
701,0.0,166.0,true,1481385471975,
702,0.0,166.0,true,1481385472976,
703,0.0,165.0,true,1481385473977,
704,0.0,165.0,true,1481385474978,
705,0.0,165.0,true,1481385475979,
706,0.0,166.0,true,1481385476982,
707,0.0,166.0,true,1481385478983,
708,0.0,166.0,true,1481385479984,
709,0.0,166.0,true,1481385480985,
710,0.0,167.0,true,1481385481987,
711,0.0,167.0,true,1481385482987,
712,0.0,167.0,true,1481385483988,
713,0.0,167.0,true,1481385484989,
714,0.0,167.0,true,1481385486991,
715,0.0,168.0,true,1481385487991,
716,0.0,168.0,true,1481385489995,
717,0.0,167.0,true,1481385491996,
718,0.0,166.0,true,1481385495001,
719,0.0,165.0,true,1481385496000,
720,0.0,165.0,true,1481385497002,
721,0.0,164.0,true,1481385498003,
722,0.0,164.0,true,1481385499004,
723,0.0,163.0,true,1481385500004,
724,0.0,163.0,true,1481385501004,
725,0.0,162.0,true,1481385502005,
726,0.0,162.0,true,1481385503004,
727,0.0,161.0,true,1481385504005,
728,0.0,161.0,true,1481385505006,
729,0.0,160.0,true,1481385506007,
730,0.0,160.0,true,1481385507008,
731,0.0,160.0,true,1481385508007,
732,0.0,160.0,true,1481385510017,
733,0.0,160.0,true,1481385511019,
734,0.0,160.0,true,1481385512022,
735,0.0,160.0,true,1481385513023,
736,0.0,160.0,true,1481385514024,
737,0.0,160.0,true,1481385515026,
738,0.0,160.0,true,1481385516027,
739,0.0,159.0,true,1481385517027,
740,0.0,158.0,true,1481385519028,
741,0.0,157.0,true,1481385522032,
742,0.0,157.0,true,1481385523034,
743,0.0,157.0,true,1481385524036,
744,0.0,156.0,true,1481385525036,
745,0.0,156.0,true,1481385526038,
746,0.0,155.0,true,1481385527038,
747,0.0,155.0,true,1481385528038,
748,0.0,154.0,true,1481385529038,
749,0.0,154.0,true,1481385530039,
750,0.0,154.0,true,1481385531043,
751,0.0,153.0,true,1481385532043,
752,0.0,152.0,true,1481385533044,
753,0.0,151.0,true,1481385534047,
754,0.0,150.0,true,1481385535048,
755,0.0,149.0,true,1481385536050,
756,0.0,148.0,true,1481385537051,
757,0.0,147.0,true,1481385538052,
758,0.0,146.0,true,1481385539053,
759,0.0,145.0,true,1481385540054,
760,0.0,144.0,true,1481385541056,
761,0.0,144.0,true,1481385542057,
762,0.0,143.0,true,1481385543059,
763,0.0,143.0,true,1481385544059,
764,0.0,144.0,true,1481385545060,
765,0.0,145.0,true,1481385546061,
766,0.0,146.0,true,1481385547062,
767,0.0,146.0,true,1481385548064,
768,0.0,147.0,true,1481385549068,
769,0.0,148.0,true,1481385550066,
770,0.0,148.0,true,1481385551067,
771,0.0,149.0,true,1481385552067,
772,0.0,148.0,true,1481385553071,
773,0.0,149.0,true,1481385554068,
774,0.0,149.0,true,1481385555069,
775,0.0,149.0,true,1481385556074,
776,0.0,150.0,true,1481385557072,
777,0.0,151.0,true,1481385559073,
778,0.0,151.0,true,1481385560074,
779,0.0,152.0,true,1481385561075,
780,0.0,152.0,true,1481385562076,
781,0.0,153.0,true,1481385563077,
782,0.0,154.0,true,1481385564079,
783,0.0,155.0,true,1481385565080,
784,0.0,156.0,true,1481385566081,
785,0.0,157.0,true,1481385567083,
786,0.0,157.0,true,1481385568087,
787,0.0,159.0,true,1481385570086,
788,0.0,159.0,true,1481385571086,
789,0.0,160.0,true,1481385572087,
790,0.0,161.0,true,1481385573090,
791,0.0,162.0,true,1481385574092,
792,0.0,162.0,true,1481385575093,
793,0.0,164.0,true,1481385577095,
794,0.0,165.0,true,1481385578097,
795,0.0,166.0,true,1481385579097,
796,0.0,167.0,true,1481385580099,
797,0.0,167.0,true,1481385581100,
798,0.0,168.0,true,1481385582101,
799,0.0,168.0,true,1481385583102,
800,0.0,169.0,true,1481385584104,
801,0.0,169.0,true,1481385585106,
802,0.0,169.0,true,1481385586108,
803,0.0,169.0,true,1481385587108,
804,0.0,169.0,true,1481385588109,
805,0.0,170.0,true,1481385589111,
806,0.0,170.0,true,1481385590113,
807,0.0,169.0,true,1481385591115,
808,0.0,169.0,true,1481385592117,
809,0.0,169.0,true,1481385593119,
810,0.0,169.0,true,1481385595122,
811,0.0,169.0,true,1481385596122,
812,0.0,170.0,true,1481385597123,
813,0.0,169.0,true,1481385599126,
814,0.0,169.0,true,1481385600128,
815,0.0,168.0,true,1481385601130,
816,0.0,168.0,true,1481385602131,
817,0.0,168.0,true,1481385603134,
818,0.0,168.0,true,1481385604134,
819,0.0,168.0,true,1481385606137,
820,0.0,169.0,true,1481385607140,
821,0.0,169.0,true,1481385608140,
822,0.0,169.0,true,1481385609144,
823,0.0,170.0,true,1481385610142,
824,0.0,171.0,true,1481385611143,
825,0.0,172.0,true,1481385612144,
826,0.0,172.0,true,1481385613144,
827,0.0,173.0,true,1481385614148,
828,0.0,173.0,true,1481385615147,
829,0.0,174.0,true,1481385616149,
830,0.0,175.0,true,1481385617149,
831,0.0,176.0,true,1481385618150,
832,0.0,176.0,true,1481385619151,
833,0.0,176.0,true,1481385620152,
834,0.0,176.0,true,1481385621153,
835,0.0,176.0,true,1481385622154,
836,0.0,176.0,true,1481385623155,
837,0.0,176.0,true,1481385624156,
838,0.0,176.0,true,1481385625159,
839,0.0,177.0,true,1481385626159,
840,0.0,177.0,true,1481385628161,
841,0.0,177.0,true,1481385629163,
842,0.0,178.0,true,1481385631168,
843,0.0,177.0,true,1481385632169,
844,0.0,177.0,true,1481385634171,
845,0.0,177.0,true,1481385635170,
846,0.0,177.0,true,1481385636171,
847,0.0,177.0,true,1481385637172,
848,0.0,177.0,true,1481385638175,
849,0.0,177.0,true,1481385639174,
850,0.0,178.0,true,1481385640176,
851,0.0,178.0,true,1481385641177,
852,0.0,178.0,true,1481385642178,
853,0.0,178.0,true,1481385643179,
854,0.0,177.0,true,1481385644180,
855,0.0,178.0,true,1481385645181,
856,0.0,178.0,true,1481385646182,
857,0.0,178.0,true,1481385647183,
858,0.0,177.0,true,1481385648184,
859,0.0,177.0,true,1481385649186,
860,0.0,177.0,true,1481385650187,
861,0.0,177.0,true,1481385651189,
862,0.0,177.0,true,1481385652191,
863,0.0,177.0,true,1481385653192,
864,0.0,177.0,true,1481385654193,
865,0.0,176.0,true,1481385655195,
866,0.0,176.0,true,1481385657196,
867,0.0,176.0,true,1481385658198,
868,0.0,176.0,true,1481385659199,
869,0.0,175.0,true,1481385660200,
870,0.0,174.0,true,1481385661201,
871,0.0,174.0,true,1481385662203,
872,0.0,174.0,true,1481385664204,
873,0.0,174.0,true,1481385665205,
874,0.0,174.0,true,1481385666206,
875,0.0,173.0,true,1481385667207,
876,0.0,173.0,true,1481385668208,
877,0.0,174.0,true,1481385669207,
878,0.0,174.0,true,1481385670208,
879,0.0,174.0,true,1481385671210,
880,0.0,174.0,true,1481385672211,
881,0.0,174.0,true,1481385673212,
882,0.0,174.0,true,1481385674214,
883,0.0,174.0,true,1481385675214,
884,0.0,174.0,true,1481385676216,
885,0.0,174.0,true,1481385677217,
886,0.0,173.0,true,1481385679221,
887,0.0,173.0,true,1481385680222,
888,0.0,173.0,true,1481385681223,
889,0.0,173.0,true,1481385682224,
890,0.0,173.0,true,1481385684226,
891,0.0,172.0,true,1481385685227,
892,0.0,172.0,true,1481385686227,
893,0.0,172.0,true,1481385687228,
894,0.0,171.0,true,1481385689227,
895,0.0,171.0,true,1481385690228,
896,0.0,171.0,true,1481385691229,
897,0.0,171.0,true,1481385692230,
898,0.0,171.0,true,1481385693237,
899,0.0,172.0,true,1481385694232,
900,0.0,172.0,true,1481385695234,
901,0.0,171.0,true,1481385696236,
902,0.0,171.0,true,1481385697237,
903,0.0,170.0,true,1481385698239,
904,0.0,170.0,true,1481385699240,
905,0.0,169.0,true,1481385700242,
906,0.0,168.0,true,1481385701242,
907,0.0,168.0,true,1481385702261,
908,0.0,168.0,true,1481385703244,
909,0.0,168.0,true,1481385704247,
910,0.0,168.0,true,1481385705249,
911,0.0,168.0,true,1481385706249,
912,0.0,168.0,true,1481385707251,
913,0.0,169.0,true,1481385708252,
914,0.0,170.0,true,1481385709255,
915,0.0,170.0,true,1481385710256,
916,0.0,170.0,true,1481385711257,
917,0.0,171.0,true,1481385712258,
918,0.0,171.0,true,1481385713260,
919,0.0,171.0,true,1481385714261,
920,0.0,170.0,true,1481385715263,
921,0.0,171.0,true,1481385716264,
922,0.0,172.0,true,1481385718266,
923,0.0,172.0,true,1481385719267,
924,0.0,173.0,true,1481385720269,
925,0.0,173.0,true,1481385721270,
926,0.0,173.0,true,1481385722272,
927,0.0,173.0,true,1481385723273,
928,0.0,173.0,true,1481385724274,
929,0.0,173.0,true,1481385725274,
930,0.0,172.0,true,1481385726274,
931,0.0,172.0,true,1481385727276,
932,0.0,172.0,true,1481385728277,
933,0.0,172.0,true,1481385729299,
934,0.0,173.0,true,1481385730300,
935,0.0,172.0,true,1481385731302,
936,0.0,172.0,true,1481385732303,
937,0.0,172.0,true,1481385733304,
938,0.0,172.0,true,1481385734305,
939,0.0,172.0,true,1481385735306,
940,0.0,173.0,true,1481385736307,
941,0.0,173.0,true,1481385737308,
942,0.0,173.0,true,1481385738310,
943,0.0,172.0,true,1481385739311,
944,0.0,172.0,true,1481385740312,
945,0.0,172.0,true,1481385741325,
946,0.0,171.0,true,1481385742326,
947,0.0,171.0,true,1481385743327,
948,0.0,171.0,true,1481385744328,
949,0.0,170.0,true,1481385746331,
950,0.0,169.0,true,1481385747332,
951,0.0,169.0,true,1481385748332,
952,0.0,169.0,true,1481385749334,
953,0.0,169.0,true,1481385750335,
954,0.0,169.0,true,1481385752337,
955,0.0,169.0,true,1481385753338,
956,0.0,169.0,true,1481385754340,
957,0.0,169.0,true,1481385755340,
958,0.0,168.0,true,1481385756342,
959,0.0,167.0,true,1481385757342,
960,0.0,166.0,true,1481385758343,
961,0.0,166.0,true,1481385759345,
962,0.0,166.0,true,1481385760346,
963,0.0,166.0,true,1481385761347,
964,0.0,165.0,true,1481385762348,
965,0.0,165.0,true,1481385763348,
966,0.0,164.0,true,1481385764349,
967,0.0,164.0,true,1481385765351,
968,0.0,162.0,true,1481385767350,
969,0.0,161.0,true,1481385768352,
970,0.0,159.0,true,1481385769354,
971,0.0,157.0,true,1481385771357,
972,0.0,156.0,true,1481385773359,
973,0.0,156.0,true,1481385774359,
974,0.0,156.0,true,1481385775360,
975,0.0,156.0,true,1481385776361,
976,0.0,155.0,true,1481385777363,
977,0.0,154.0,true,1481385778364,
978,0.0,153.0,true,1481385779367,
979,0.0,152.0,true,1481385780367,
980,0.0,150.0,true,1481385781371,
981,0.0,150.0,true,1481385782370,
982,0.0,149.0,true,1481385783371,
983,0.0,148.0,true,1481385784372,
984,0.0,148.0,true,1481385785373,
985,0.0,148.0,true,1481385786374,
986,0.0,147.0,true,1481385787376,
987,0.0,146.0,true,1481385788377,
988,0.0,145.0,true,1481385789378,
989,0.0,145.0,true,1481385790384,
990,0.0,144.0,true,1481385791382,
991,0.0,144.0,true,1481385792383,
992,0.0,143.0,true,1481385793384,
993,0.0,143.0,true,1481385795387,
994,0.0,143.0,true,1481385796387,
995,0.0,142.0,true,1481385798390,
996,0.0,141.0,true,1481385800391,
997,0.0,141.0,true,1481385802397,
998,0.0,140.0,true,1481385803398,
999,0.0,140.0,true,1481385804398,
1000,0.0,141.0,true,1481385805399,
1001,0.0,141.0,true,1481385806400,
1002,0.0,141.0,true,1481385807401,
1003,0.0,139.0,true,1481385808402,
1004,0.0,137.0,true,1481385809403,
1005,0.0,134.0,true,1481385810405,
1006,0.0,128.0,true,1481385811406,
1007,0.0,125.00000000000001,true,1481385812406,
1008,0.0,122.99999999999999,true,1481385813409,
1009,0.0,122.99999999999999,true,1481385814409,
1010,0.0,124.00000000000001,true,1481385815410,
1011,0.0,125.00000000000001,true,1481385816411,
1012,0.0,127.0,true,1481385817412,
1013,0.0,128.0,true,1481385818413,
1014,0.0,129.0,true,1481385819414,
1015,0.0,129.0,true,1481385820415,
1016,0.0,129.0,true,1481385822418,
1017,0.0,129.0,true,1481385823418,
1018,0.0,129.0,true,1481385824421,
1019,0.0,130.0,true,1481385825420,
1020,0.0,131.0,true,1481385826421,
1021,0.0,133.0,true,1481385827422,
1022,0.0,134.0,true,1481385829427,
1023,0.0,135.0,true,1481385830427,
1024,0.0,136.0,true,1481385831429,
1025,0.0,137.0,true,1481385832431,
1026,0.0,137.0,true,1481385833431,
1027,0.0,138.0,true,1481385834432,
1028,0.0,139.0,true,1481385835433,
1029,0.0,139.0,true,1481385836434,
1030,0.0,139.0,true,1481385837436,
1031,0.0,139.0,true,1481385838437,
1032,0.0,139.0,true,1481385839438,
1033,0.0,138.0,true,1481385840438,
1034,0.0,137.0,true,1481385841439,
1035,0.0,136.0,true,1481385842442,
1036,0.0,136.0,true,1481385843443,
1037,0.0,136.0,true,1481385844444,
1038,0.0,135.0,true,1481385845444,
1039,0.0,135.0,true,1481385846445,
1040,0.0,135.0,true,1481385847447,
1041,0.0,134.0,true,1481385848447,
1042,0.0,134.0,true,1481385849448,
1043,0.0,135.0,true,1481385850449,
1044,0.0,136.0,true,1481385851450,
1045,0.0,137.0,true,1481385853452,
1046,0.0,137.0,true,1481385854454,
1047,0.0,138.0,true,1481385855455,
1048,0.0,138.0,true,1481385857457,
1049,0.0,138.0,true,1481385858465,
1050,0.0,138.0,true,1481385860460,
1051,0.0,138.0,true,1481385861462,
1052,0.0,139.0,true,1481385862464,
1053,0.0,140.0,true,1481385863465,
1054,0.0,140.0,true,1481385864466,
1055,0.0,141.0,true,1481385865467,
1056,0.0,142.0,true,1481385866469,
1057,0.0,142.0,true,1481385868472,
1058,0.0,142.0,true,1481385869474,
1059,0.0,141.0,true,1481385870475,
1060,0.0,141.0,true,1481385871476,
1061,0.0,140.0,true,1481385872477,
1062,0.0,139.0,true,1481385873479,
1063,0.0,139.0,true,1481385874480,
1064,0.0,139.0,true,1481385875482,
1065,0.0,138.0,true,1481385876484,
1066,0.0,138.0,true,1481385877487,
1067,0.0,138.0,true,1481385878487,
1068,0.0,138.0,true,1481385879488,
1069,0.0,137.0,true,1481385880489,
1070,0.0,137.0,true,1481385881491,
1071,0.0,138.0,true,1481385882491,
1072,0.0,138.0,true,1481385883493,
1073,0.0,138.0,true,1481385884501,
1074,0.0,138.0,true,1481385885494,
1075,0.0,138.0,true,1481385886495,
1076,0.0,139.0,true,1481385888498,
1077,0.0,139.0,true,1481385889500,
1078,0.0,140.0,true,1481385890506,
1079,0.0,140.0,true,1481385891501,
1080,0.0,140.0,true,1481385892502,
1081,0.0,141.0,true,1481385893503,
1082,0.0,141.0,true,1481385894504,
1083,0.0,141.0,true,1481385895504,
1084,0.0,142.0,true,1481385896506,
1085,0.0,142.0,true,1481385897507,
1086,0.0,142.0,true,1481385898507,
1087,0.0,142.0,true,1481385899508,
1088,0.0,142.0,true,1481385901516,
1089,0.0,142.0,true,1481385902512,
1090,0.0,142.0,true,1481385903514,
1091,0.0,142.0,true,1481385904514,
1092,0.0,141.0,true,1481385905515,
1093,0.0,141.0,true,1481385906515,
1094,0.0,140.0,true,1481385907517,
1095,0.0,140.0,true,1481385908517,
1096,0.0,139.0,true,1481385909519,
1097,0.0,139.0,true,1481385910521,
1098,0.0,137.0,true,1481385912524,
1099,0.0,136.0,true,1481385914524,
1100,0.0,133.0,true,1481385915525,
1101,0.0,132.0,true,1481385916526,
1102,0.0,131.0,true,1481385917527,
1103,0.0,131.0,true,1481385918529,
1104,0.0,131.0,true,1481385919529,
1105,0.0,131.0,true,1481385920530,
1106,0.0,132.0,true,1481385921532,
1107,0.0,132.0,true,1481385922532,
1108,0.0,133.0,true,1481385923536,
1109,0.0,133.0,true,1481385924538,
1110,0.0,133.0,true,1481385925539,
1111,0.0,134.0,true,1481385926540,
1112,0.0,134.0,true,1481385927541,
1113,0.0,134.0,true,1481385928543,
1114,0.0,134.0,true,1481385929544,
1115,0.0,134.0,true,1481385930549,
1116,0.0,134.0,true,1481385931551,
1117,0.0,134.0,true,1481385932553,
1118,0.0,134.0,true,1481385933555,
1119,0.0,134.0,true,1481385934556,
1120,0.0,134.0,true,1481385935557,
1121,0.0,135.0,true,1481385936558,
1122,0.0,135.0,true,1481385937559,
1123,0.0,136.0,true,1481385938560,
1124,0.0,136.0,true,1481385939560,
1125,0.0,136.0,true,1481385942564,
1126,0.0,136.0,true,1481385943566,
1127,0.0,135.0,true,1481385944567,
1128,0.0,135.0,true,1481385945567,
1129,0.0,134.0,true,1481385946568,
1130,0.0,134.0,true,1481385947569,
1131,0.0,133.0,true,1481385948570,
1132,0.0,133.0,true,1481385949571,
1133,0.0,133.0,true,1481385950573,
1134,0.0,134.0,true,1481385951575,
1135,0.0,134.0,true,1481385952576,
1136,0.0,134.0,true,1481385953576,
1137,0.0,134.0,true,1481385954578,
1138,0.0,134.0,true,1481385955580,
1139,0.0,135.0,true,1481385956581,
1140,0.0,136.0,true,1481385957582,
1141,0.0,137.0,true,1481385958584,
1142,0.0,137.0,true,1481385959585,
1143,0.0,138.0,true,1481385960585,
1144,0.0,138.0,true,1481385961586,
1145,0.0,138.0,true,1481385962587,
1146,0.0,138.0,true,1481385963591,
1147,0.0,136.0,true,1481385965595,
1148,0.0,135.0,true,1481385966598,
1149,0.0,134.0,true,1481385968599,
1150,0.0,135.0,true,1481385969600,
1151,0.0,136.0,true,1481385970601,
1152,0.0,136.0,true,1481385971602,
1153,0.0,137.0,true,1481385972603,
1154,0.0,137.0,true,1481385973606,
1155,0.0,137.0,true,1481385974605,
1156,0.0,137.0,true,1481385975606,
1157,0.0,137.0,true,1481385976607,
1158,0.0,137.0,true,1481385977608,
1159,0.0,136.0,true,1481385978609,
1160,0.0,136.0,true,1481385979609,
1161,0.0,136.0,true,1481385980611,
1162,0.0,136.0,true,1481385981612,
1163,0.0,136.0,true,1481385982612,
1164,0.0,136.0,true,1481385983613,
1165,0.0,137.0,true,1481385984614,
1166,0.0,138.0,true,1481385985615,
1167,0.0,138.0,true,1481385986622,
1168,0.0,139.0,true,1481385987618,
1169,0.0,139.0,true,1481385988620,
1170,0.0,139.0,true,1481385989621,
1171,0.0,139.0,true,1481385990622,
1172,0.0,139.0,true,1481385991623,
1173,0.0,139.0,true,1481385992624,
1174,0.0,139.0,true,1481385993628,
1175,0.0,138.0,true,1481385994629,
1176,0.0,137.0,true,1481385996631,
1177,0.0,136.0,true,1481385998634,
1178,0.0,136.0,true,1481385999636,
1179,0.0,136.0,true,1481386000636,
1180,0.0,137.0,true,1481386001638,
1181,0.0,137.0,true,1481386002638,
1182,0.0,138.0,true,1481386003639,
1183,0.0,139.0,true,1481386004640,
1184,0.0,139.0,true,1481386005641,
1185,0.0,140.0,true,1481386006642,
1186,0.0,141.0,true,1481386007643,
1187,0.0,142.0,true,1481386008646,
1188,0.0,142.0,true,1481386009645,
1189,0.0,143.0,true,1481386011647,
1190,0.0,144.0,true,1481386012648,
1191,0.0,144.0,true,1481386013649,
1192,0.0,144.0,true,1481386014651,
1193,0.0,145.0,true,1481386015651,
1194,0.0,144.0,true,1481386016656,
1195,0.0,144.0,true,1481386017655,
1196,0.0,144.0,true,1481386018654,
1197,0.0,144.0,true,1481386019656,
1198,0.0,143.0,true,1481386020657,
1199,0.0,143.0,true,1481386021658,
1200,0.0,142.0,true,1481386023662,
1201,0.0,141.0,true,1481386026668,
1202,0.0,141.0,true,1481386027669,
1203,0.0,141.0,true,1481386029682,
1204,0.0,140.0,true,1481386030675,
1205,0.0,140.0,true,1481386031677,
1206,0.0,139.0,true,1481386032679,
1207,0.0,137.0,true,1481386033680,
1208,0.0,136.0,true,1481386034682,
1209,0.0,132.0,true,1481386036684,
1210,0.0,131.0,true,1481386037686,
1211,0.0,131.0,true,1481386038688,
1212,0.0,131.0,true,1481386039688,
1213,0.0,133.0,true,1481386041689,
1214,0.0,134.0,true,1481386042691,
1215,0.0,135.0,true,1481386043692,
1216,0.0,135.0,true,1481386044693,
1217,0.0,136.0,true,1481386045694,
1218,0.0,137.0,true,1481386046695,
1219,0.0,137.0,true,1481386047696,
1220,0.0,137.0,true,1481386049699,
1221,0.0,138.0,true,1481386050709,
1222,0.0,138.0,true,1481386051702,
1223,0.0,137.0,true,1481386052706,
1224,0.0,137.0,true,1481386053705,
1225,0.0,137.0,true,1481386054706,
1226,0.0,137.0,true,1481386055707,
1227,0.0,137.0,true,1481386056709,
1228,0.0,137.0,true,1481386057709,
1229,0.0,138.0,true,1481386058710,
1230,0.0,138.0,true,1481386059711,
1231,0.0,138.0,true,1481386060712,
1232,0.0,138.0,true,1481386061713,
1233,0.0,137.0,true,1481386062714,
1234,0.0,136.0,true,1481386063715,
1235,0.0,136.0,true,1481386064717,
1236,0.0,135.0,true,1481386065718,
1237,0.0,135.0,true,1481386066720,
1238,0.0,135.0,true,1481386067721,
1239,0.0,134.0,true,1481386068721,
1240,0.0,134.0,true,1481386069723,
1241,0.0,134.0,true,1481386070723,
1242,0.0,133.0,true,1481386071727,
1243,0.0,133.0,true,1481386072725,
1244,0.0,133.0,true,1481386073726,
1245,0.0,133.0,true,1481386074728,
1246,0.0,134.0,true,1481386075730,
1247,0.0,134.0,true,1481386076731,
1248,0.0,135.0,true,1481386077743,
1249,0.0,136.0,true,1481386080742,
1250,0.0,137.0,true,1481386081743,
1251,0.0,138.0,true,1481386083745,
1252,0.0,138.0,true,1481386084749,
1253,0.0,139.0,true,1481386085746,
1254,0.0,138.0,true,1481386086747,
1255,0.0,138.0,true,1481386087747,
1256,0.0,138.0,true,1481386088748,
1257,0.0,138.0,true,1481386089749,
1258,0.0,138.0,true,1481386090751,
1259,0.0,138.0,true,1481386091750,
1260,0.0,138.0,true,1481386092751,
1261,0.0,137.0,true,1481386093752,
1262,0.0,137.0,true,1481386094754,
1263,0.0,136.0,true,1481386096755,
1264,0.0,136.0,true,1481386097757,
1265,0.0,135.0,true,1481386098758,
1266,0.0,135.0,true,1481386099758,
1267,0.0,136.0,true,1481386100760,
1268,0.0,136.0,true,1481386101761,
1269,0.0,137.0,true,1481386102763,
1270,0.0,137.0,true,1481386103772,
1271,0.0,137.0,true,1481386104767,
1272,0.0,138.0,true,1481386105769,
1273,0.0,139.0,true,1481386106769,
1274,0.0,140.0,true,1481386107770,
1275,0.0,141.0,true,1481386108771,
1276,0.0,143.0,true,1481386111774,
1277,0.0,143.0,true,1481386112775,
1278,0.0,142.0,true,1481386113780,
1279,0.0,140.0,true,1481386114781,
1280,0.0,140.0,true,1481386115782,
1281,0.0,139.0,true,1481386116783,
1282,0.0,138.0,true,1481386117785,
1283,0.0,137.0,true,1481386118786,
1284,0.0,137.0,true,1481386119787,
1285,0.0,136.0,true,1481386120790,
1286,0.0,135.0,true,1481386121793,
1287,0.0,135.0,true,1481386122794,
1288,0.0,135.0,true,1481386123794,
1289,0.0,135.0,true,1481386124797,
1290,0.0,135.0,true,1481386125796,
1291,0.0,135.0,true,1481386126797,
1292,0.0,136.0,true,1481386127798,
1293,0.0,137.0,true,1481386128800,
1294,0.0,138.0,true,1481386129802,
1295,0.0,138.0,true,1481386130802,
1296,0.0,137.0,true,1481386131803,
1297,0.0,136.0,true,1481386132804,
1298,0.0,135.0,true,1481386133807,
1299,0.0,134.0,true,1481386134806,
1300,0.0,133.0,true,1481386135807,
1301,0.0,132.0,true,1481386136808,
1302,0.0,132.0,true,1481386137810,
1303,0.0,131.0,true,1481386138811,
1304,0.0,131.0,true,1481386139812,
1305,0.0,131.0,true,1481386140814,
1306,0.0,131.0,true,1481386142817,
1307,0.0,131.0,true,1481386143818,
1308,0.0,131.0,true,1481386144820,
1309,0.0,131.0,true,1481386145821,
1310,0.0,131.0,true,1481386146822,
1311,0.0,132.0,true,1481386147824,
1312,0.0,132.0,true,1481386148824,
1313,0.0,132.0,true,1481386149824,
1314,0.0,132.0,true,1481386150825,
1315,0.0,132.0,true,1481386151825,
1316,0.0,131.0,true,1481386152826,
1317,0.0,130.0,true,1481386153826,
1318,0.0,129.0,true,1481386154828,
1319,0.0,128.0,true,1481386155829,
1320,0.0,128.0,true,1481386156831,
1321,0.0,128.0,true,1481386157832,
1322,0.0,128.0,true,1481386158832,
1323,0.0,129.0,true,1481386159834,
1324,0.0,130.0,true,1481386160834,
1325,0.0,130.0,true,1481386161835,
1326,0.0,130.0,true,1481386162836,
1327,0.0,130.0,true,1481386163837,
1328,0.0,129.0,true,1481386164838,
1329,0.0,128.0,true,1481386165838,
1330,0.0,127.0,true,1481386166839,
1331,0.0,126.0,true,1481386167839,
1332,0.0,125.00000000000001,true,1481386168840,
1333,0.0,125.00000000000001,true,1481386169841,
1334,0.0,125.00000000000001,true,1481386170842,
1335,0.0,125.00000000000001,true,1481386171843,
1336,0.0,125.00000000000001,true,1481386172845,
1337,0.0,125.00000000000001,true,1481386173846,
1338,0.0,124.00000000000001,true,1481386174847,
1339,0.0,124.00000000000001,true,1481386175847,
1340,0.0,124.00000000000001,true,1481386176848,
1341,0.0,124.00000000000001,true,1481386177849,
1342,0.0,124.00000000000001,true,1481386178849,
1343,0.0,124.00000000000001,true,1481386179849,
1344,0.0,124.00000000000001,true,1481386180850,
1345,0.0,124.00000000000001,true,1481386181852,
1346,0.0,124.00000000000001,true,1481386182852,
1347,0.0,124.00000000000001,true,1481386183853,
1348,0.0,124.00000000000001,true,1481386184854,
1349,0.0,122.99999999999999,true,1481386185856,
1350,0.0,122.0,true,1481386186858,
1351,0.0,120.0,true,1481386187859,
1352,0.0,119.0,true,1481386188861,
1353,0.0,118.0,true,1481386189862,
1354,0.0,118.0,true,1481386190863,
1355,0.0,119.0,true,1481386191865,
1356,0.0,122.0,true,1481386193866,
1357,0.0,122.0,true,1481386196869,
1358,0.0,121.0,true,1481386197870,
1359,0.0,120.0,true,1481386198872,
1360,0.0,119.0,true,1481386199873,
1361,0.0,119.0,true,1481386200873,
1362,0.0,119.0,true,1481386201874,
1363,0.0,119.0,true,1481386202875,
1364,0.0,120.0,true,1481386203877,
1365,0.0,121.0,true,1481386204878,
1366,0.0,122.0,true,1481386205879,
1367,0.0,122.99999999999999,true,1481386206879,
1368,0.0,124.00000000000001,true,1481386207879,
1369,0.0,124.00000000000001,true,1481386208882,
1370,0.0,122.99999999999999,true,1481386209883,
1371,0.0,121.0,true,1481386210885,
1372,0.0,119.0,true,1481386211885,
1373,0.0,117.0,true,1481386212885,
1374,0.0,116.0,true,1481386213886,
1375,0.0,115.0,true,1481386214888,
1376,0.0,115.0,true,1481386215888,
1377,0.0,115.0,true,1481386216890,
1378,0.0,116.0,true,1481386217890,
1379,0.0,116.0,true,1481386218890,
1380,0.0,116.0,true,1481386219891,
1381,0.0,115.0,true,1481386220892,
1382,0.0,115.0,true,1481386221892,
1383,0.0,114.0,true,1481386222893,
1384,0.0,111.0,true,1481386223894,
1385,0.0,107.0,true,1481386224896,
1386,0.0,105.0,true,1481386225897,
1387,0.0,104.0,true,1481386226898,
1388,0.0,103.0,true,1481386227898,
1389,0.0,105.0,true,1481386228899,
1390,0.0,106.0,true,1481386229901,
1391,0.0,107.0,true,1481386230901,
1392,0.0,107.0,true,1481386231902,
1393,0.0,107.0,true,1481386232904,
1394,0.0,107.0,true,1481386233905,
1395,0.0,107.0,true,1481386234905,
1396,0.0,107.0,true,1481386235906,
1397,0.0,106.0,true,1481386236908,
1398,0.0,106.0,true,1481386237908,
1399,0.0,106.0,true,1481386238909,
1400,0.0,105.0,true,1481386239910,
1401,0.0,105.0,true,1481386240911,
1402,0.0,106.0,true,1481386241912,
1403,0.0,106.0,true,1481386242913,
1404,0.0,106.0,true,1481386244916,
1405,0.0,105.0,true,1481386245916,
1406,0.0,104.0,true,1481386246918,
1407,0.0,102.0,true,1481386247918,
1408,0.0,101.0,true,1481386248919,
1409,0.0,102.0,true,1481386249921,
1410,0.0,102.0,true,1481386250922,
1411,0.0,103.0,true,1481386251923,
1412,0.0,105.0,true,1481386252923,
1413,0.0,106.0,true,1481386253924,
1414,0.0,106.0,true,1481386254924,
1415,0.0,105.0,true,1481386255925,
1416,0.0,104.0,true,1481386256926,
1417,0.0,103.0,true,1481386257926,
1418,0.0,101.0,true,1481386258927,
1419,0.0,100.0,true,1481386259928,
1420,0.0,100.0,true,1481386260929,
1421,0.0,99.0,true,1481386261930,
1422,0.0,100.0,true,1481386262931,
1423,0.0,101.0,true,1481386263932,
1424,0.0,102.0,true,1481386264932,
1425,0.0,103.0,true,1481386265934,
1426,0.0,103.0,true,1481386266933,
1427,0.0,104.0,true,1481386267934,
1428,0.0,104.0,true,1481386268935,
1429,0.0,105.0,true,1481386269936,
1430,0.0,105.0,true,1481386270937,
1431,0.0,105.0,true,1481386271937,
1432,0.0,104.0,true,1481386273937,
1433,0.0,104.0,true,1481386274939,
1434,0.0,105.0,true,1481386275941,
1435,0.0,106.0,true,1481386276941,
1436,0.0,108.0,true,1481386278942,
1437,0.0,112.0,true,1481386280943,
1438,0.0,115.0,true,1481386281944,
1439,0.0,117.0,true,1481386282945,
1440,0.0,119.0,true,1481386283946,
1441,0.0,120.0,true,1481386284947,
1442,0.0,121.0,true,1481386285948,
1443,0.0,122.0,true,1481386286949,
1444,0.0,122.0,true,1481386287950,
1445,0.0,121.0,true,1481386288951,
1446,0.0,121.0,true,1481386289952,
1447,0.0,120.0,true,1481386290953,
1448,0.0,120.0,true,1481386291954,
1449,0.0,120.0,true,1481386292955,
1450,0.0,121.0,true,1481386293956,
1451,0.0,122.0,true,1481386294958,
1452,0.0,122.99999999999999,true,1481386295959,
1453,0.0,124.00000000000001,true,1481386296960,
1454,0.0,125.00000000000001,true,1481386297961,
1455,0.0,126.0,true,1481386298963,
1456,0.0,128.0,true,1481386299964,
1457,0.0,133.0,true,1481386302967,
1458,0.0,135.0,true,1481386303967,
1459,0.0,136.0,true,1481386304968,
1460,0.0,138.0,true,1481386305969,
1461,0.0,142.0,true,1481386308972,
1462,0.0,143.0,true,1481386310976,
1463,0.0,145.0,true,1481386311976,
1464,0.0,147.0,true,1481386312976,
1465,0.0,149.0,true,1481386314980,
1466,0.0,150.0,true,1481386315981,
1467,0.0,151.0,true,1481386316982,
1468,0.0,152.0,true,1481386317984,
1469,0.0,153.0,true,1481386318984,
1470,0.0,153.0,true,1481386319986,
1471,0.0,154.0,true,1481386320987,
1472,0.0,154.0,true,1481386321987,
1473,0.0,155.0,true,1481386322991,
1474,0.0,155.0,true,1481386323991,
1475,0.0,156.0,true,1481386325995,
1476,0.0,156.0,true,1481386326997,
1477,0.0,156.0,true,1481386327997,
1478,0.0,156.0,true,1481386328999,
1479,0.0,156.0,true,1481386330001,
1480,0.0,156.0,true,1481386331002,
1481,0.0,156.0,true,1481386333005,
1482,0.0,156.0,true,1481386334005,
1483,0.0,157.0,true,1481386335006,
1484,0.0,157.0,true,1481386336007,
1485,0.0,157.0,true,1481386337011,
1486,0.0,157.0,true,1481386338009,
1487,0.0,157.0,true,1481386339008,
1488,0.0,158.0,true,1481386340014,
1489,0.0,159.0,true,1481386341010,
1490,0.0,159.0,true,1481386342011,
1491,0.0,160.0,true,1481386343012,
1492,0.0,159.0,true,1481386344014,
1493,0.0,159.0,true,1481386345014,
1494,0.0,156.0,true,1481386347016,
1495,0.0,155.0,true,1481386348018,
1496,0.0,153.0,true,1481386349021,
1497,0.0,153.0,true,1481386350023,
1498,0.0,152.0,true,1481386351025,
1499,0.0,151.0,true,1481386352025,
1500,0.0,151.0,true,1481386354028,
1501,0.0,151.0,true,1481386355029,
1502,0.0,151.0,true,1481386356030,
1503,0.0,151.0,true,1481386357032,
1504,0.0,150.0,true,1481386359036,
1505,0.0,150.0,true,1481386361037,
1506,0.0,151.0,true,1481386362038,
1507,0.0,151.0,true,1481386363038,
1508,0.0,153.0,true,1481386364040,
1509,0.0,154.0,true,1481386365041,
1510,0.0,155.0,true,1481386366045,
1511,0.0,157.0,true,1481386367044,
1512,0.0,158.0,true,1481386368045,
1513,0.0,159.0,true,1481386369066,
1514,0.0,160.0,true,1481386370054,
1515,0.0,161.0,true,1481386371050,
1516,0.0,161.0,true,1481386372052,
1517,0.0,161.0,true,1481386373053,
1518,0.0,162.0,true,1481386374053,
1519,0.0,163.0,true,1481386376056,
1520,0.0,163.0,true,1481386377056,
1521,0.0,164.0,true,1481386378057,
1522,0.0,165.0,true,1481386379058,
1523,0.0,167.0,true,1481386381061,
1524,0.0,168.0,true,1481386382062,
1525,0.0,169.0,true,1481386383063,
1526,0.0,170.0,true,1481386386068,
1527,0.0,171.0,true,1481386387068,
1528,0.0,172.0,true,1481386388069,
1529,0.0,173.0,true,1481386390073,
1530,0.0,174.0,true,1481386391075,
1531,0.0,174.0,true,1481386393079,
1532,0.0,175.0,true,1481386394077,
1533,0.0,175.0,true,1481386395077,
1534,0.0,175.0,true,1481386396078,
1535,0.0,175.0,true,1481386397080,
1536,0.0,176.0,true,1481386398081,
1537,0.0,176.0,true,1481386399081,
1538,0.0,176.0,true,1481386401084,
1539,0.0,177.0,true,1481386402086,
1540,0.0,177.0,true,1481386403087,
1541,0.0,177.0,true,1481386404087,
1542,0.0,177.0,true,1481386405088,
1543,0.0,178.0,true,1481386406089,
1544,0.0,178.0,true,1481386407091,
1545,0.0,177.0,true,1481386408095,
1546,0.0,177.0,true,1481386409095,
1547,0.0,177.0,true,1481386411096,
1548,0.0,176.0,true,1481386412097,
1549,0.0,175.0,true,1481386413098,
1550,0.0,173.0,true,1481386416101,
1551,0.0,173.0,true,1481386417102,
1552,0.0,173.0,true,1481386418104,
1553,0.0,173.0,true,1481386420105,
1554,0.0,173.0,true,1481386421106,
1555,0.0,174.0,true,1481386422107,
1556,0.0,174.0,true,1481386423107,
1557,0.0,174.0,true,1481386424108,
1558,0.0,174.0,true,1481386426110,
1559,0.0,174.0,true,1481386427113,
1560,0.0,175.0,true,1481386428112,
1561,0.0,174.0,true,1481386429113,
1562,0.0,174.0,true,1481386430114,
1563,0.0,174.0,true,1481386431115,
1564,0.0,175.0,true,1481386432116,
1565,0.0,174.0,true,1481386434118,
1566,0.0,174.0,true,1481386435119,
1567,0.0,174.0,true,1481386436134,
1568,0.0,175.0,true,1481386437122,
1569,0.0,175.0,true,1481386438123,
1570,0.0,175.0,true,1481386439125,
1571,0.0,175.0,true,1481386440125,
1572,0.0,175.0,true,1481386441126,
1573,0.0,175.0,true,1481386442127,
1574,0.0,175.0,true,1481386443129,
1575,0.0,175.0,true,1481386444131,
1576,0.0,175.0,true,1481386445131,
1577,0.0,175.0,true,1481386446132,
1578,0.0,175.0,true,1481386447134,
1579,0.0,174.0,true,1481386448137,
1580,0.0,174.0,true,1481386449137,
1581,0.0,174.0,true,1481386450138,
1582,0.0,174.0,true,1481386451139,
1583,0.0,174.0,true,1481386452142,
1584,0.0,175.0,true,1481386453145,
1585,0.0,175.0,true,1481386454142,
1586,0.0,175.0,true,1481386455144,
1587,0.0,175.0,true,1481386456144,
1588,0.0,175.0,true,1481386457145,
1589,0.0,175.0,true,1481386458147,
1590,0.0,175.0,true,1481386459147,
1591,0.0,175.0,true,1481386460147,
1592,0.0,175.0,true,1481386461149,
1593,0.0,174.0,true,1481386462150,
1594,0.0,174.0,true,1481386463151,
1595,0.0,174.0,true,1481386464152,
1596,0.0,175.0,true,1481386465153,
1597,0.0,175.0,true,1481386466154,
1598,0.0,175.0,true,1481386467156,
1599,0.0,175.0,true,1481386468157,
1600,0.0,175.0,true,1481386469169,
1601,0.0,175.0,true,1481386470160,
1602,0.0,175.0,true,1481386471169,
1603,0.0,176.0,true,1481386472161,
1604,0.0,176.0,true,1481386473160,
1605,0.0,176.0,true,1481386475163,
1606,0.0,176.0,true,1481386476164,
1607,0.0,176.0,true,1481386478167,
1608,0.0,176.0,true,1481386479167,
1609,0.0,175.0,true,1481386480169,
1610,0.0,175.0,true,1481386481171,
1611,0.0,175.0,true,1481386482172,
1612,0.0,174.0,true,1481386483173,
1613,0.0,174.0,true,1481386484174,
1614,0.0,174.0,true,1481386485175,
1615,0.0,173.0,true,1481386486180,
1616,0.0,173.0,true,1481386487182,
1617,0.0,173.0,true,1481386488182,
1618,0.0,173.0,true,1481386489183,
1619,0.0,173.0,true,1481386490185,
1620,0.0,173.0,true,1481386491185,
1621,0.0,173.0,true,1481386492186,
1622,0.0,173.0,true,1481386493187,
1623,0.0,174.0,true,1481386494191,
1624,0.0,174.0,true,1481386495190,
1625,0.0,174.0,true,1481386496191,
1626,0.0,174.0,true,1481386497193,
1627,0.0,173.0,true,1481386498194,
1628,0.0,173.0,true,1481386499195,
1629,0.0,172.0,true,1481386500195,
1630,0.0,171.0,true,1481386502198,
1631,0.0,171.0,true,1481386503200,
1632,0.0,171.0,true,1481386505203,
1633,0.0,171.0,true,1481386506204,
1634,0.0,171.0,true,1481386507207,
1635,0.0,171.0,true,1481386508209,
1636,0.0,171.0,true,1481386509209,
1637,0.0,171.0,true,1481386510210,
1638,0.0,171.0,true,1481386511211,
1639,0.0,170.0,true,1481386512212,
1640,0.0,170.0,true,1481386513211,
1641,0.0,170.0,true,1481386514211,
1642,0.0,171.0,true,1481386515212,
1643,0.0,171.0,true,1481386516219,
1644,0.0,170.0,true,1481386517215,
1645,0.0,171.0,true,1481386518216,
1646,0.0,171.0,true,1481386519217,
1647,0.0,172.0,true,1481386520216,
1648,0.0,171.0,true,1481386521217,
1649,0.0,171.0,true,1481386522217,
1650,0.0,170.0,true,1481386523218,
1651,0.0,170.0,true,1481386525221,
1652,0.0,170.0,true,1481386526221,
1653,0.0,170.0,true,1481386527223,
1654,0.0,170.0,true,1481386528222,
1655,0.0,169.0,true,1481386529223,
1656,0.0,169.0,true,1481386530223,
1657,0.0,169.0,true,1481386531223,
1658,0.0,169.0,true,1481386532224,
1659,0.0,169.0,true,1481386533225,
1660,0.0,168.0,true,1481386534226,
1661,0.0,168.0,true,1481386535228,
1662,0.0,168.0,true,1481386536231,
1663,0.0,168.0,true,1481386538231,
1664,0.0,168.0,true,1481386539233,
1665,0.0,168.0,true,1481386540234,
1666,0.0,168.0,true,1481386541235,
1667,0.0,168.0,true,1481386542236,
1668,0.0,168.0,true,1481386543247,
1669,0.0,168.0,true,1481386544243,
1670,0.0,168.0,true,1481386545244,
1671,0.0,169.0,true,1481386546245,
1672,0.0,170.0,true,1481386547247,
1673,0.0,170.0,true,1481386549248,
1674,0.0,170.0,true,1481386550254,
1675,0.0,168.0,true,1481386551251,
1676,0.0,167.0,true,1481386552252,
1677,0.0,166.0,true,1481386553254,
1678,0.0,166.0,true,1481386554254,
1679,0.0,166.0,true,1481386555255,
1680,0.0,166.0,true,1481386556256,
1681,0.0,166.0,true,1481386557258,
1682,0.0,165.0,true,1481386559260,
1683,0.0,165.0,true,1481386560264,
1684,0.0,165.0,true,1481386561265,
1685,0.0,165.0,true,1481386562266,
1686,0.0,165.0,true,1481386563267,
1687,0.0,166.0,true,1481386564269,
1688,0.0,166.0,true,1481386565271,
1689,0.0,167.0,true,1481386566274,
1690,0.0,168.0,true,1481386567276,
1691,0.0,169.0,true,1481386568277,
1692,0.0,170.0,true,1481386569277,
1693,0.0,170.0,true,1481386570279,
1694,0.0,170.0,true,1481386571280,
1695,0.0,170.0,true,1481386572280,
1696,0.0,170.0,true,1481386573281,
1697,0.0,170.0,true,1481386574282,
1698,0.0,170.0,true,1481386575283,
1699,0.0,170.0,true,1481386576284,
1700,0.0,171.0,true,1481386577284,
1701,0.0,171.0,true,1481386578286,
1702,0.0,171.0,true,1481386579286,
1703,0.0,172.0,true,1481386580287,
1704,0.0,172.0,true,1481386581288,
1705,0.0,172.0,true,1481386582288,
1706,0.0,173.0,true,1481386583288,
1707,0.0,173.0,true,1481386584289,
1708,0.0,174.0,true,1481386586291,
1709,0.0,174.0,true,1481386587291,
1710,0.0,174.0,true,1481386589293,
1711,0.0,175.0,true,1481386590297,
1712,0.0,175.0,true,1481386591298,
1713,0.0,175.0,true,1481386593301,
1714,0.0,175.0,true,1481386594302,
1715,0.0,175.0,true,1481386595304,
1716,0.0,175.0,true,1481386596304,
1717,0.0,176.0,true,1481386597306,
1718,0.0,176.0,true,1481386598307,
1719,0.0,176.0,true,1481386599308,
1720,0.0,175.0,true,1481386600309,
1721,0.0,176.0,true,1481386601310,
1722,0.0,176.0,true,1481386602312,
1723,0.0,176.0,true,1481386603313,
1724,0.0,176.0,true,1481386604313,
1725,0.0,177.0,true,1481386605314,
1726,0.0,176.0,true,1481386606316,
1727,0.0,176.0,true,1481386607316,
1728,0.0,176.0,true,1481386608317,
1729,0.0,176.0,true,1481386609318,
1730,0.0,176.0,true,1481386610321,
1731,0.0,176.0,true,1481386611320,
1732,0.0,176.0,true,1481386612321,
1733,0.0,176.0,true,1481386613321,
1734,0.0,176.0,true,1481386615324,
1735,0.0,176.0,true,1481386617326,
1736,0.0,177.0,true,1481386618329,
1737,0.0,176.0,true,1481386619328,
1738,0.0,176.0,true,1481386620329,
1739,0.0,176.0,true,1481386621330,
1740,0.0,175.0,true,1481386622331,
1741,0.0,176.0,true,1481386623332,
1742,0.0,176.0,true,1481386624333,
1743,0.0,176.0,true,1481386625334,
1744,0.0,176.0,true,1481386626335,
1745,0.0,176.0,true,1481386627336,
1746,0.0,176.0,true,1481386630339,
1747,0.0,176.0,true,1481386631340,
1748,0.0,176.0,true,1481386632341,
1749,0.0,176.0,true,1481386633343,
1750,0.0,176.0,true,1481386634344,
1751,0.0,176.0,true,1481386635345,
1752,0.0,176.0,true,1481386637347,
1753,0.0,176.0,true,1481386638349,
1754,0.0,176.0,true,1481386640352,
1755,0.0,176.0,true,1481386641353,
1756,0.0,175.0,true,1481386642361,
1757,0.0,175.0,true,1481386643355,
1758,0.0,175.0,true,1481386644358,
1759,0.0,175.0,true,1481386645358,
1760,0.0,175.0,true,1481386646360,
1761,0.0,176.0,true,1481386647360,
1762,0.0,176.0,true,1481386648364,
1763,0.0,176.0,true,1481386649365,
1764,0.0,176.0,true,1481386650366,
1765,0.0,175.0,true,1481386651367,
1766,0.0,175.0,true,1481386652368,
1767,0.0,175.0,true,1481386653370,
1768,0.0,175.0,true,1481386654370,
1769,0.0,175.0,true,1481386655372,
1770,0.0,175.0,true,1481386656373,
1771,0.0,175.0,true,1481386657374,
1772,0.0,175.0,true,1481386658376,
1773,0.0,176.0,true,1481386659378,
1774,0.0,176.0,true,1481386660379,
1775,0.0,176.0,true,1481386661383,
1776,0.0,176.0,true,1481386662381,
1777,0.0,176.0,true,1481386663383,
1778,0.0,176.0,true,1481386664385,
1779,0.0,176.0,true,1481386665387,
1780,0.0,176.0,true,1481386666387,
1781,0.0,176.0,true,1481386667389,
1782,0.0,176.0,true,1481386668389,
1783,0.0,176.0,true,1481386669392,
1784,0.0,176.0,true,1481386671394,
1785,0.0,176.0,true,1481386672395,
1786,0.0,176.0,true,1481386673396,
1787,0.0,177.0,true,1481386674397,
1788,0.0,177.0,true,1481386675397,
1789,0.0,177.0,true,1481386676398,
1790,0.0,176.0,true,1481386677399,
1791,0.0,176.0,true,1481386678400,
1792,0.0,175.0,true,1481386679400,
1793,0.0,175.0,true,1481386680401,
1794,0.0,175.0,true,1481386681402,
1795,0.0,175.0,true,1481386682403,
1796,0.0,175.0,true,1481386683404,
1797,0.0,175.0,true,1481386684413,
1798,0.0,174.0,true,1481386685409,
1799,0.0,174.0,true,1481386686409,
1800,0.0,174.0,true,1481386687410,
1801,0.0,175.0,true,1481386689414,
1802,0.0,175.0,true,1481386690411,
1803,0.0,175.0,true,1481386691413,
1804,0.0,174.0,true,1481386692414,
1805,0.0,174.0,true,1481386693415,
1806,0.0,174.0,true,1481386694416,
1807,0.0,174.0,true,1481386695417,
1808,0.0,174.0,true,1481386696418,
1809,0.0,174.0,true,1481386698420,
1810,0.0,174.0,true,1481386700422,
1811,0.0,174.0,true,1481386701424,
1812,0.0,174.0,true,1481386702424,
1813,0.0,174.0,true,1481386703425,
1814,0.0,174.0,true,1481386704426,
1815,0.0,173.0,true,1481386705427,
1816,0.0,173.0,true,1481386706428,
1817,0.0,173.0,true,1481386707430,
1818,0.0,173.0,true,1481386708432,
1819,0.0,172.0,true,1481386709433,
1820,0.0,171.0,true,1481386711436,
1821,0.0,170.0,true,1481386712437,
1822,0.0,170.0,true,1481386713437,
1823,0.0,169.0,true,1481386714439,
1824,0.0,169.0,true,1481386715440,
1825,0.0,168.0,true,1481386716441,
1826,0.0,168.0,true,1481386717442,
1827,0.0,169.0,true,1481386718444,
1828,0.0,169.0,true,1481386720445,
1829,0.0,169.0,true,1481386721446,
1830,0.0,169.0,true,1481386722447,
1831,0.0,169.0,true,1481386723452,
1832,0.0,169.0,true,1481386724451,
1833,0.0,170.0,true,1481386725454,
1834,0.0,171.0,true,1481386726454,
1835,0.0,171.0,true,1481386727455,
1836,0.0,172.0,true,1481386728457,
1837,0.0,171.0,true,1481386729459,
1838,0.0,171.0,true,1481386730460,
1839,0.0,171.0,true,1481386731460,
1840,0.0,170.0,true,1481386732461,
1841,0.0,170.0,true,1481386733462,
1842,0.0,170.0,true,1481386734464,
1843,0.0,170.0,true,1481386735465,
1844,0.0,170.0,true,1481386736468,
1845,0.0,170.0,true,1481386737469,
1846,0.0,170.0,true,1481386738469,
1847,0.0,170.0,true,1481386739471,
1848,0.0,169.0,true,1481386740471,
1849,0.0,170.0,true,1481386741472,
1850,0.0,170.0,true,1481386742535,
1851,0.0,170.0,true,1481386743535,
1852,0.0,171.0,true,1481386744536,
1853,0.0,171.0,true,1481386745535,
1854,0.0,171.0,true,1481386746536,
1855,0.0,170.0,true,1481386747539,
1856,0.0,170.0,true,1481386748538,
1857,0.0,170.0,true,1481386749538,
1858,0.0,170.0,true,1481386750539,
1859,0.0,170.0,true,1481386751538,
1860,0.0,169.0,true,1481386752539,
1861,0.0,169.0,true,1481386753539,
1862,0.0,167.0,true,1481386754540,
1863,0.0,166.0,true,1481386755541,
1864,0.0,164.0,true,1481386756541,
1865,0.0,162.0,true,1481386757541,
1866,0.0,160.0,true,1481386758542,
1867,0.0,159.0,true,1481386759543,
1868,0.0,157.0,true,1481386760542,
1869,0.0,155.0,true,1481386761543,
1870,0.0,154.0,true,1481386762544,
1871,0.0,153.0,true,1481386763545,
1872,0.0,152.0,true,1481386764546,
1873,0.0,152.0,true,1481386765546,
1874,0.0,152.0,true,1481386766546,
1875,0.0,151.0,true,1481386767546,
1876,0.0,151.0,true,1481386768546,
1877,0.0,150.0,true,1481386769547,
1878,0.0,149.0,true,1481386770547,
1879,0.0,149.0,true,1481386771548,
1880,0.0,148.0,true,1481386772549,
1881,0.0,148.0,true,1481386773550,
1882,0.0,147.0,true,1481386774550,
1883,0.0,147.0,true,1481386775550,
1884,0.0,147.0,true,1481386776550,
1885,0.0,147.0,true,1481386777551,
1886,0.0,147.0,true,1481386778551,
1887,0.0,147.0,true,1481386779552,
1888,0.0,145.0,true,1481386780552,
1889,0.0,143.0,true,1481386782553,
1890,0.0,142.0,true,1481386785554,
1891,0.0,142.0,true,1481386786554,
1892,0.0,142.0,true,1481386787555,
1893,0.0,143.0,true,1481386788554,
1894,0.0,143.0,true,1481386789556,
1895,0.0,143.0,true,1481386790554,
1896,0.0,143.0,true,1481386793559,
1897,0.0,143.0,true,1481386794559,
1898,0.0,143.0,true,1481386795560,
1899,0.0,144.0,true,1481386796561,
1900,0.0,146.0,true,1481386797560,
1901,0.0,147.0,true,1481386798561,
1902,0.0,148.0,true,1481386799560,
1903,0.0,147.0,true,1481386801562,
1904,0.0,147.0,true,1481386802562,
1905,0.0,146.0,true,1481386804565,
1906,0.0,146.0,true,1481386805565,
1907,0.0,146.0,true,1481386806565,
1908,0.0,147.0,true,1481386807565,
1909,0.0,148.0,true,1481386808566,
1910,0.0,148.0,true,1481386809569,
1911,0.0,149.0,true,1481386810568,
1912,0.0,151.0,true,1481386812570,
1913,0.0,152.0,true,1481386813570,
1914,0.0,154.0,true,1481386815570,
1915,0.0,155.0,true,1481386816570,
1916,0.0,156.0,true,1481386817571,
1917,0.0,158.0,true,1481386818570,
1918,0.0,159.0,true,1481386819574,
1919,0.0,161.0,true,1481386820572,
1920,0.0,163.0,true,1481386821572,
1921,0.0,165.0,true,1481386823572,
1922,0.0,165.0,true,1481386824572,
1923,0.0,166.0,true,1481386825573,
1924,0.0,166.0,true,1481386826575,
1925,0.0,166.0,true,1481386827579,
1926,0.0,167.0,true,1481386828587,
1927,0.0,167.0,true,1481386829586,
1928,0.0,168.0,true,1481386830586,
1929,0.0,169.0,true,1481386831586,
1930,0.0,170.0,true,1481386832587,
1931,0.0,171.0,true,1481386833586,
1932,0.0,172.0,true,1481386834590,
1933,0.0,172.0,true,1481386835588,
1934,0.0,173.0,true,1481386836591,
1935,0.0,173.0,true,1481386837592,
1936,0.0,173.0,true,1481386839595,
1937,0.0,173.0,true,1481386840603,
1938,0.0,172.0,true,1481386841604,
1939,0.0,171.0,true,1481386842610,
1940,0.0,170.0,true,1481386843608,
1941,0.0,169.0,true,1481386844608,
1942,0.0,167.0,true,1481386846610,
1943,0.0,167.0,true,1481386847610,
1944,0.0,166.0,true,1481386848611,
1945,0.0,165.0,true,1481386849611,
1946,0.0,165.0,true,1481386850612,
1947,0.0,164.0,true,1481386851613,
1948,0.0,164.0,true,1481386852613,
1949,0.0,164.0,true,1481386853613,
1950,0.0,163.0,true,1481386854615,
1951,0.0,163.0,true,1481386855616,
1952,0.0,163.0,true,1481386856618,
1953,0.0,163.0,true,1481386857618,
1954,0.0,162.0,true,1481386858619,
1955,0.0,163.0,true,1481386859618,
1956,0.0,163.0,true,1481386860619,
1957,0.0,163.0,true,1481386862625,
1958,0.0,164.0,true,1481386863628,
1959,0.0,165.0,true,1481386864634,
1960,0.0,165.0,true,1481386865630,
1961,0.0,165.0,true,1481386867635,
1962,0.0,165.0,true,1481386868638,
1963,0.0,164.0,true,1481386870638,
1964,0.0,164.0,true,1481386871639,
1965,0.0,163.0,true,1481386873651,
1966,0.0,164.0,true,1481386875653,
1967,0.0,165.0,true,1481386876652,
1968,0.0,165.0,true,1481386877653,
1969,0.0,166.0,true,1481386878652,
1970,0.0,166.0,true,1481386879653,
1971,0.0,167.0,true,1481386880652,
1972,0.0,168.0,true,1481386881653,
1973,0.0,169.0,true,1481386882652,
1974,0.0,170.0,true,1481386883653,
1975,0.0,171.0,true,1481386884652,
1976,0.0,171.0,true,1481386885652,
1977,0.0,171.0,true,1481386886653,
1978,0.0,172.0,true,1481386887653,
1979,0.0,172.0,true,1481386888653,
1980,0.0,172.0,true,1481386889653,
1981,0.0,173.0,true,1481386890654,
1982,0.0,173.0,true,1481386891655,
1983,0.0,173.0,true,1481386892660,
1984,0.0,174.0,true,1481386894665,
1985,0.0,174.0,true,1481386895665,
1986,0.0,175.0,true,1481386897669,
1987,0.0,175.0,true,1481386898673,
1988,0.0,174.0,true,1481386900670,
1989,0.0,174.0,true,1481386901673,
1990,0.0,172.0,true,1481386902673,
1991,0.0,172.0,true,1481386904675,
1992,0.0,172.0,true,1481386905675,
1993,0.0,173.0,true,1481386906675,
1994,0.0,173.0,true,1481386907682,
1995,0.0,173.0,true,1481386908682,
1996,0.0,173.0,true,1481386909685,
1997,0.0,174.0,true,1481386910684,
1998,0.0,174.0,true,1481386911685,
1999,0.0,174.0,true,1481386912685,
2000,0.0,175.0,true,1481386913684,
2001,0.0,175.0,true,1481386914685,
2002,0.0,176.0,true,1481386915686,
2003,0.0,176.0,true,1481386916687,
2004,0.0,176.0,true,1481386917688,
2005,0.0,177.0,true,1481386918687,
2006,0.0,177.0,true,1481386919690,
2007,0.0,177.0,true,1481386920690,
2008,0.0,177.0,true,1481386921690,
2009,0.0,177.0,true,1481386922691,
2010,0.0,177.0,true,1481386923691,
2011,0.0,177.0,true,1481386927699,
2012,0.0,177.0,true,1481386928702,
2013,0.0,177.0,true,1481386929703,
2014,0.0,177.0,true,1481386930704,
2015,0.0,177.0,true,1481386931708,
2016,0.0,177.0,true,1481386932707,
2017,0.0,177.0,true,1481386934715,
2018,0.0,177.0,true,1481386935715,
2019,0.0,177.0,true,1481386936716,
2020,0.0,177.0,true,1481386937717,
2021,0.0,177.0,true,1481386938717,
2022,0.0,177.0,true,1481386939719,
2023,0.0,176.0,true,1481386940717,
2024,0.0,176.0,true,1481386941718,
2025,0.0,175.0,true,1481386942719,
2026,0.0,174.0,true,1481386943719,
2027,0.0,174.0,true,1481386945721,
2028,0.0,173.0,true,1481386946722,
2029,0.0,173.0,true,1481386947722,
2030,0.0,173.0,true,1481386948727,
2031,0.0,173.0,true,1481386949727,
2032,0.0,173.0,true,1481386950726,
2033,0.0,173.0,true,1481386951731,
2034,0.0,173.0,true,1481386952729,
2035,0.0,172.0,true,1481386953732,
2036,0.0,173.0,true,1481386955738,
2037,0.0,172.0,true,1481386956736,
2038,0.0,172.0,true,1481386957736,
2039,0.0,172.0,true,1481386958736,
2040,0.0,171.0,true,1481386959736,
2041,0.0,170.0,true,1481386960737,
2042,0.0,170.0,true,1481386961738,
2043,0.0,170.0,true,1481386962739,
2044,0.0,170.0,true,1481386963738,
2045,0.0,170.0,true,1481386964739,
2046,0.0,169.0,true,1481386965741,
2047,0.0,168.0,true,1481386966741,
2048,0.0,166.0,true,1481386967742,
2049,0.0,165.0,true,1481386968743,
2050,0.0,162.0,true,1481386969744,
2051,0.0,161.0,true,1481386970757,
2052,0.0,159.0,true,1481386971757,
2053,0.0,156.0,true,1481386973765,
2054,0.0,156.0,true,1481386975768,
2055,0.0,156.0,true,1481386976768,
2056,0.0,156.0,true,1481386977770,
2057,0.0,156.0,true,1481386979792,
2058,0.0,156.0,true,1481386980791,
2059,0.0,156.0,true,1481386981795,
2060,0.0,155.0,true,1481386982795,
2061,0.0,155.0,true,1481386983796,
2062,0.0,155.0,true,1481386984797,
2063,0.0,155.0,true,1481386985797,
2064,0.0,155.0,true,1481386986798,
2065,0.0,155.0,true,1481386987798,
2066,0.0,155.0,true,1481386988798,
2067,0.0,155.0,true,1481386989799,
2068,0.0,155.0,true,1481386990800,
2069,0.0,155.0,true,1481386991816,
2070,0.0,156.0,true,1481386992816,
2071,0.0,156.0,true,1481386993818,
2072,0.0,157.0,true,1481386994821,
2073,0.0,157.0,true,1481386995819,
2074,0.0,157.0,true,1481386996820,
2075,0.0,157.0,true,1481386997834,
2076,0.0,158.0,true,1481386998828,
2077,0.0,158.0,true,1481386999828,
2078,0.0,157.0,true,1481387000828,
2079,0.0,157.0,true,1481387001828,
2080,0.0,158.0,true,1481387002833,
2081,0.0,158.0,true,1481387003832,
2082,0.0,159.0,true,1481387004832,
2083,0.0,158.0,true,1481387005833,
2084,0.0,159.0,true,1481387006835,
2085,0.0,160.0,true,1481387007837,
2086,0.0,161.0,true,1481387009837,
2087,0.0,162.0,true,1481387010838,
2088,0.0,162.0,true,1481387011838,
2089,0.0,162.0,true,1481387012838,
2090,0.0,162.0,true,1481387013838,
2091,0.0,162.0,true,1481387014838,
2092,0.0,162.0,true,1481387015838,
2093,0.0,163.0,true,1481387016841,
2094,0.0,164.0,true,1481387017841,
2095,0.0,166.0,true,1481387019841,
2096,0.0,167.0,true,1481387020842,
2097,0.0,168.0,true,1481387021841,
2098,0.0,169.0,true,1481387022843,
2099,0.0,170.0,true,1481387023842,
2100,0.0,171.0,true,1481387024842,
2101,0.0,172.0,true,1481387025843,
2102,0.0,174.0,true,1481387027845,
2103,0.0,175.0,true,1481387028843,
2104,0.0,175.0,true,1481387029843,
2105,0.0,176.0,true,1481387030852,
2106,0.0,177.0,true,1481387031844,
2107,0.0,178.0,true,1481387032845,
2108,0.0,178.0,true,1481387033845,
2109,0.0,179.0,true,1481387034846,
2110,0.0,179.0,true,1481387035847,
2111,0.0,179.0,true,1481387036848,
2112,0.0,180.0,true,1481387037848,
2113,0.0,180.0,true,1481387038850,
2114,0.0,180.0,true,1481387039849,
2115,0.0,180.0,true,1481387041850,
2116,0.0,179.0,true,1481387043853,
2117,0.0,179.0,true,1481387044854,
2118,0.0,178.0,true,1481387045855,
2119,0.0,178.0,true,1481387046856,
2120,0.0,177.0,true,1481387047884,
2121,0.0,175.0,true,1481387048885,
2122,0.0,174.0,true,1481387049883,
2123,0.0,173.0,true,1481387050883,
2124,0.0,172.0,true,1481387051883,
2125,0.0,170.0,true,1481387052884,
2126,0.0,168.0,true,1481387053884,
2127,0.0,166.0,true,1481387054884,
2128,0.0,165.0,true,1481387055885,
2129,0.0,162.0,true,1481387057886,
2130,0.0,162.0,true,1481387058886,
2131,0.0,162.0,true,1481387059886,
2132,0.0,163.0,true,1481387060893,
2133,0.0,163.0,true,1481387061894,
2134,0.0,164.0,true,1481387062893,
2135,0.0,164.0,true,1481387063896,
2136,0.0,165.0,true,1481387064896,
2137,0.0,167.0,true,1481387066899,
2138,0.0,168.0,true,1481387067900,
2139,0.0,169.0,true,1481387068904,
2140,0.0,170.0,true,1481387071905,
2141,0.0,171.0,true,1481387072906,
2142,0.0,172.0,true,1481387073908,
2143,0.0,173.0,true,1481387074908,
2144,0.0,173.0,true,1481387075908,
2145,0.0,174.0,true,1481387076913,
2146,0.0,174.0,true,1481387077913,
2147,0.0,174.0,true,1481387078922,
2148,0.0,174.0,true,1481387079924,
2149,0.0,174.0,true,1481387080924,
2150,0.0,173.0,true,1481387081924,
2151,0.0,173.0,true,1481387082924,
2152,0.0,172.0,true,1481387084925,
2153,0.0,172.0,true,1481387085925,
2154,0.0,172.0,true,1481387086925,
2155,0.0,172.0,true,1481387087925,
2156,0.0,173.0,true,1481387090926,
2157,0.0,174.0,true,1481387093931,
2158,0.0,174.0,true,1481387094933,
2159,0.0,175.0,true,1481387095939,
2160,0.0,175.0,true,1481387097935,
2161,0.0,175.0,true,1481387098936,
2162,0.0,175.0,true,1481387099935,
2163,0.0,175.0,true,1481387100941,
2164,0.0,175.0,true,1481387101937,
2165,0.0,176.0,true,1481387102942,
2166,0.0,176.0,true,1481387103942,
2167,0.0,176.0,true,1481387104942,
2168,0.0,176.0,true,1481387105942,
2169,0.0,176.0,true,1481387107943,
2170,0.0,175.0,true,1481387108943,
2171,0.0,173.0,true,1481387111945,
2172,0.0,172.0,true,1481387112946,
2173,0.0,170.0,true,1481387113946,
2174,0.0,169.0,true,1481387114946,
2175,0.0,169.0,true,1481387115946,
2176,0.0,168.0,true,1481387116948,
2177,0.0,168.0,true,1481387117948,
2178,0.0,168.0,true,1481387118947,
2179,0.0,168.0,true,1481387119947,
2180,0.0,169.0,true,1481387121949,
2181,0.0,169.0,true,1481387122952,
2182,0.0,170.0,true,1481387123952,
2183,0.0,171.0,true,1481387125960,
2184,0.0,171.0,true,1481387126961,
2185,0.0,171.0,true,1481387127962,
2186,0.0,172.0,true,1481387130978,
2187,0.0,173.0,true,1481387131992,
2188,0.0,173.0,true,1481387132992,
2189,0.0,173.0,true,1481387133993,
2190,0.0,173.0,true,1481387134993,
2191,0.0,173.0,true,1481387135994,
2192,0.0,171.0,true,1481387137995,
2193,0.0,172.0,true,1481387138996,
2194,0.0,172.0,true,1481387139995,
2195,0.0,172.0,true,1481387140995,
2196,0.0,173.0,true,1481387142999,
2197,0.0,172.0,true,1481387144000,
2198,0.0,172.0,true,1481387145001,
2199,0.0,172.0,true,1481387146002,
2200,0.0,172.0,true,1481387147002,
2201,0.0,171.0,true,1481387149007,
2202,0.0,171.0,true,1481387151008,
2203,0.0,171.0,true,1481387152008,
2204,0.0,171.0,true,1481387153007,
2205,0.0,171.0,true,1481387154007,
2206,0.0,171.0,true,1481387155008,
2207,0.0,171.0,true,1481387156008,
2208,0.0,171.0,true,1481387157009,
2209,0.0,172.0,true,1481387159009,
2210,0.0,172.0,true,1481387160015,
2211,0.0,173.0,true,1481387161015,
2212,0.0,173.0,true,1481387162016,
2213,0.0,173.0,true,1481387163017,
2214,0.0,173.0,true,1481387164020,
2215,0.0,172.0,true,1481387165020,
2216,0.0,172.0,true,1481387166023,
2217,0.0,171.0,true,1481387167024,
2218,0.0,170.0,true,1481387168023,
2219,0.0,170.0,true,1481387169023,
2220,0.0,169.0,true,1481387171023,
2221,0.0,168.0,true,1481387172034,
2222,0.0,168.0,true,1481387173034,
2223,0.0,168.0,true,1481387174035,
2224,0.0,168.0,true,1481387175033,
2225,0.0,167.0,true,1481387176033,
2226,0.0,168.0,true,1481387178034,
2227,0.0,168.0,true,1481387179036,
2228,0.0,169.0,true,1481387180035,
2229,0.0,169.0,true,1481387181036,
2230,0.0,169.0,true,1481387182036,
2231,0.0,169.0,true,1481387183036,
2232,0.0,169.0,true,1481387184036,
2233,0.0,169.0,true,1481387186039,
2234,0.0,167.0,true,1481387187039,
2235,0.0,167.0,true,1481387188039,
2236,0.0,167.0,true,1481387189040,
2237,0.0,167.0,true,1481387190046,
2238,0.0,168.0,true,1481387191047,
2239,0.0,168.0,true,1481387192047,
2240,0.0,168.0,true,1481387193048,
2241,0.0,169.0,true,1481387194048,
2242,0.0,169.0,true,1481387195052,
2243,0.0,169.0,true,1481387196053,
2244,0.0,169.0,true,1481387198060,
2245,0.0,168.0,true,1481387199056,
2246,0.0,168.0,true,1481387200060,
2247,0.0,167.0,true,1481387201060,
2248,0.0,166.0,true,1481387203060,
2249,0.0,166.0,true,1481387204061,
2250,0.0,166.0,true,1481387205072,
2251,0.0,166.0,true,1481387207073,
2252,0.0,167.0,true,1481387208074,
2253,0.0,166.0,true,1481387209075,
2254,0.0,166.0,true,1481387210074,
2255,0.0,165.0,true,1481387211073,
2256,0.0,164.0,true,1481387214074,
2257,0.0,162.0,true,1481387215078,
2258,0.0,162.0,true,1481387216081,
2259,0.0,162.0,true,1481387217079,
2260,0.0,162.0,true,1481387218080,
2261,0.0,162.0,true,1481387219082,
2262,0.0,162.0,true,1481387220082,
2263,0.0,163.0,true,1481387221083,
2264,0.0,163.0,true,1481387222083,
2265,0.0,164.0,true,1481387224083,
2266,0.0,164.0,true,1481387225083,
2267,0.0,164.0,true,1481387226083,
2268,0.0,164.0,true,1481387228085,
2269,0.0,164.0,true,1481387229086,
2270,0.0,164.0,true,1481387230086,
2271,0.0,164.0,true,1481387231087,
2272,0.0,163.0,true,1481387234092,
2273,0.0,163.0,true,1481387235091,
2274,0.0,162.0,true,1481387236092,
2275,0.0,162.0,true,1481387237093,
2276,0.0,162.0,true,1481387238102,
2277,0.0,161.0,true,1481387240101,
2278,0.0,160.0,true,1481387241103,
2279,0.0,160.0,true,1481387242101,
2280,0.0,160.0,true,1481387243103,
2281,0.0,159.0,true,1481387244103,
2282,0.0,159.0,true,1481387245104,
2283,0.0,159.0,true,1481387246104,
2284,0.0,158.0,true,1481387247106,
2285,0.0,159.0,true,1481387248105,
2286,0.0,159.0,true,1481387249105,
2287,0.0,160.0,true,1481387250110,
2288,0.0,160.0,true,1481387252109,
2289,0.0,160.0,true,1481387253108,
2290,0.0,160.0,true,1481387254108,
2291,0.0,160.0,true,1481387255110,
2292,0.0,160.0,true,1481387256111,
2293,0.0,160.0,true,1481387257111,
2294,0.0,161.0,true,1481387258111,
2295,0.0,161.0,true,1481387259111,
2296,0.0,161.0,true,1481387260112,
2297,0.0,162.0,true,1481387261112,
2298,0.0,163.0,true,1481387262119,
2299,0.0,164.0,true,1481387263119,
2300,0.0,165.0,true,1481387264119,
2301,0.0,165.0,true,1481387265119,
2302,0.0,166.0,true,1481387266119,
2303,0.0,165.0,true,1481387267119,
2304,0.0,165.0,true,1481387268120,
2305,0.0,164.0,true,1481387269122,
2306,0.0,163.0,true,1481387271120,
2307,0.0,163.0,true,1481387272120,
2308,0.0,162.0,true,1481387274131,
2309,0.0,162.0,true,1481387275132,
2310,0.0,163.0,true,1481387276145,
2311,0.0,164.0,true,1481387278145,
2312,0.0,165.0,true,1481387279145,
2313,0.0,166.0,true,1481387280144,
2314,0.0,167.0,true,1481387281145,
2315,0.0,167.0,true,1481387282156,
2316,0.0,167.0,true,1481387283156,
2317,0.0,167.0,true,1481387284156,
2318,0.0,167.0,true,1481387285156,
2319,0.0,167.0,true,1481387286157,
2320,0.0,166.0,true,1481387287157,
2321,0.0,166.0,true,1481387288163,
2322,0.0,165.0,true,1481387290158,
2323,0.0,165.0,true,1481387291166,
2324,0.0,164.0,true,1481387292167,
2325,0.0,164.0,true,1481387293167,
2326,0.0,164.0,true,1481387294167,
2327,0.0,165.0,true,1481387295193,
2328,0.0,165.0,true,1481387296195,
2329,0.0,166.0,true,1481387298196,
2330,0.0,167.0,true,1481387299196,
2331,0.0,168.0,true,1481387300196,
2332,0.0,169.0,true,1481387301197,
2333,0.0,169.0,true,1481387302198,
2334,0.0,170.0,true,1481387303198,
2335,0.0,171.0,true,1481387304198,
2336,0.0,172.0,true,1481387305197,
2337,0.0,172.0,true,1481387306198,
2338,0.0,171.0,true,1481387307198,
2339,0.0,171.0,true,1481387308198,
2340,0.0,170.0,true,1481387309199,
2341,0.0,169.0,true,1481387310200,
2342,0.0,168.0,true,1481387311201,
2343,0.0,167.0,true,1481387312202,
2344,0.0,166.0,true,1481387313201,
2345,0.0,166.0,true,1481387314202,
2346,0.0,165.0,true,1481387315203,
2347,0.0,165.0,true,1481387316204,
2348,0.0,164.0,true,1481387317204,
2349,0.0,164.0,true,1481387318204,
2350,0.0,163.0,true,1481387319205,
2351,0.0,163.0,true,1481387320205,
2352,0.0,163.0,true,1481387321205,
2353,0.0,165.0,true,1481387322224,
2354,0.0,165.0,true,1481387324247,
2355,0.0,166.0,true,1481387325236,
2356,0.0,166.0,true,1481387326235,
2357,0.0,167.0,true,1481387327237,
2358,0.0,168.0,true,1481387328268,
2359,0.0,167.0,true,1481387329268,
2360,0.0,167.0,true,1481387331280,
2361,0.0,167.0,true,1481387332281,
2362,0.0,166.0,true,1481387333282,
2363,0.0,166.0,true,1481387334283,
2364,0.0,165.0,true,1481387335284,
2365,0.0,165.0,true,1481387336286,
2366,0.0,164.0,true,1481387337288,
2367,0.0,163.0,true,1481387338288,
2368,0.0,162.0,true,1481387340289,
2369,0.0,161.0,true,1481387341291,
2370,0.0,161.0,true,1481387342292,
2371,0.0,160.0,true,1481387343293,
2372,0.0,159.0,true,1481387344295,
2373,0.0,158.0,true,1481387345296,
2374,0.0,157.0,true,1481387346297,
2375,0.0,157.0,true,1481387347299,
2376,0.0,156.0,true,1481387348301,
2377,0.0,155.0,true,1481387349304,
2378,0.0,154.0,true,1481387350303,
2379,0.0,152.0,true,1481387351305,
2380,0.0,152.0,true,1481387352306,
2381,0.0,149.0,true,1481387353307,
2382,0.0,148.0,true,1481387354308,
2383,0.0,146.0,true,1481387355309,
2384,0.0,144.0,true,1481387356310,
2385,0.0,144.0,true,1481387357311,
2386,0.0,143.0,true,1481387358312,
2387,0.0,143.0,true,1481387359313,
2388,0.0,142.0,true,1481387360314,
2389,0.0,141.0,true,1481387361316,
2390,0.0,140.0,true,1481387362317,
2391,0.0,139.0,true,1481387363320,
2392,0.0,138.0,true,1481387364320,
2393,0.0,137.0,true,1481387365322,
2394,0.0,136.0,true,1481387366323,
2395,0.0,136.0,true,1481387367324,
2396,0.0,136.0,true,1481387368326,
2397,0.0,135.0,true,1481387369325,
2398,0.0,135.0,true,1481387370326,
2399,0.0,134.0,true,1481387371327,
2400,0.0,133.0,true,1481387372328,
2401,0.0,132.0,true,1481387375333,
2402,0.0,132.0,true,1481387376334,
2403,0.0,131.0,true,1481387377336,
2404,0.0,131.0,true,1481387378337,
2405,0.0,131.0,true,1481387379338,
2406,0.0,131.0,true,1481387380341,
2407,0.0,131.0,true,1481387381341,
2408,0.0,131.0,true,1481387382343,
2409,0.0,132.0,true,1481387384344,
2410,0.0,133.0,true,1481387385345,
2411,0.0,134.0,true,1481387386346,
2412,0.0,136.0,true,1481387387348,
2413,0.0,136.0,true,1481387388348,
2414,0.0,139.0,true,1481387390351,
2415,0.0,140.0,true,1481387391352,
2416,0.0,141.0,true,1481387392353,
2417,0.0,143.0,true,1481387393353,
2418,0.0,145.0,true,1481387394355,
2419,0.0,146.0,true,1481387395355,
2420,0.0,147.0,true,1481387396356,
2421,0.0,148.0,true,1481387397357,
2422,0.0,149.0,true,1481387398359,
2423,0.0,149.0,true,1481387399360,
2424,0.0,150.0,true,1481387400362,
2425,0.0,151.0,true,1481387403365,
2426,0.0,152.0,true,1481387404366,
2427,0.0,153.0,true,1481387405367,
2428,0.0,153.0,true,1481387406369,
2429,0.0,153.0,true,1481387407370,
2430,0.0,153.0,true,1481387408371,
2431,0.0,153.0,true,1481387409371,
2432,0.0,153.0,true,1481387410372,
2433,0.0,153.0,true,1481387411373,
2434,0.0,153.0,true,1481387412375,
2435,0.0,154.0,true,1481387413376,
2436,0.0,155.0,true,1481387414376,
2437,0.0,155.0,true,1481387415377,
2438,0.0,155.0,true,1481387416378,
2439,0.0,156.0,true,1481387417382,
2440,0.0,157.0,true,1481387418384,
2441,0.0,157.0,true,1481387419386,
2442,0.0,158.0,true,1481387420387,
2443,0.0,157.0,true,1481387421388,
2444,0.0,157.0,true,1481387422389,
2445,0.0,156.0,true,1481387423390,
2446,0.0,155.0,true,1481387424390,
2447,0.0,154.0,true,1481387425391,
2448,0.0,150.0,true,1481387427394,
2449,0.0,147.0,true,1481387428398,
2450,0.0,144.0,true,1481387430398,
2451,0.0,143.0,true,1481387431399,
2452,0.0,142.0,true,1481387432401,
2453,0.0,141.0,true,1481387433402,
2454,0.0,140.0,true,1481387434404,
2455,0.0,139.0,true,1481387435404,
2456,0.0,138.0,true,1481387436405,
2457,0.0,137.0,true,1481387437407,
2458,0.0,136.0,true,1481387438409,
2459,0.0,135.0,true,1481387439409,
2460,0.0,134.0,true,1481387440413,
2461,0.0,134.0,true,1481387441413,
2462,0.0,134.0,true,1481387442414,
2463,0.0,134.0,true,1481387443417,
2464,0.0,134.0,true,1481387444417,
2465,0.0,134.0,true,1481387445417,
2466,0.0,134.0,true,1481387446420,
2467,0.0,135.0,true,1481387448426,
2468,0.0,135.0,true,1481387450427,
2469,0.0,135.0,true,1481387451422,
2470,0.0,135.0,true,1481387452423,
2471,0.0,136.0,true,1481387453428,
2472,0.0,136.0,true,1481387454425,
2473,0.0,137.0,true,1481387455426,
2474,0.0,137.0,true,1481387456427,
2475,0.0,137.0,true,1481387457427,
2476,0.0,137.0,true,1481387460431,
2477,0.0,136.0,true,1481387461432,
2478,0.0,136.0,true,1481387462433,
2479,0.0,136.0,true,1481387463434,
2480,0.0,137.0,true,1481387464435,
2481,0.0,137.0,true,1481387465436,
2482,0.0,139.0,true,1481387466443,
2483,0.0,141.0,true,1481387468440,
2484,0.0,142.0,true,1481387469440,
2485,0.0,143.0,true,1481387470440,
2486,0.0,144.0,true,1481387471441,
2487,0.0,144.0,true,1481387472443,
2488,0.0,144.0,true,1481387473444,
2489,0.0,144.0,true,1481387474445,
2490,0.0,144.0,true,1481387475447,
2491,0.0,143.0,true,1481387476447,
2492,0.0,143.0,true,1481387477452,
2493,0.0,143.0,true,1481387478452,
2494,0.0,143.0,true,1481387479453,
2495,0.0,143.0,true,1481387480454,
2496,0.0,143.0,true,1481387481455,
2497,0.0,143.0,true,1481387482463,
2498,0.0,143.0,true,1481387483463,
2499,0.0,144.0,true,1481387484464,
2500,0.0,144.0,true,1481387487468,
2501,0.0,145.0,true,1481387488468,
2502,0.0,145.0,true,1481387489468,
2503,0.0,145.0,true,1481387490469,
2504,0.0,145.0,true,1481387491471,
2505,0.0,145.0,true,1481387492472,
2506,0.0,144.0,true,1481387494473,
2507,0.0,144.0,true,1481387495474,
2508,0.0,144.0,true,1481387496476,
2509,0.0,143.0,true,1481387498477,
2510,0.0,143.0,true,1481387499478,
2511,0.0,143.0,true,1481387500479,
2512,0.0,143.0,true,1481387501480,
2513,0.0,144.0,true,1481387502481,
2514,0.0,143.0,true,1481387503483,
2515,0.0,143.0,true,1481387504483,
2516,0.0,143.0,true,1481387505485,
2517,0.0,143.0,true,1481387506486,
2518,0.0,143.0,true,1481387507487,
2519,0.0,142.0,true,1481387508489,
2520,0.0,142.0,true,1481387509490,
2521,0.0,142.0,true,1481387510490,
2522,0.0,141.0,true,1481387511498,
2523,0.0,141.0,true,1481387512492,
2524,0.0,140.0,true,1481387513494,
2525,0.0,140.0,true,1481387514495,
2526,0.0,139.0,true,1481387515498,
2527,0.0,138.0,true,1481387516497,
2528,0.0,138.0,true,1481387517499,
2529,0.0,137.0,true,1481387518500,
2530,0.0,136.0,true,1481387519502,
2531,0.0,136.0,true,1481387520502,
2532,0.0,135.0,true,1481387521504,
2533,0.0,135.0,true,1481387522505,
2534,0.0,134.0,true,1481387523506,
2535,0.0,134.0,true,1481387524507,
2536,0.0,134.0,true,1481387525508,
2537,0.0,133.0,true,1481387526510,
2538,0.0,133.0,true,1481387527512,
2539,0.0,133.0,true,1481387528512,
2540,0.0,133.0,true,1481387529514,
2541,0.0,133.0,true,1481387531516,
2542,0.0,133.0,true,1481387532517,
2543,0.0,133.0,true,1481387533519,
2544,0.0,134.0,true,1481387534521,
2545,0.0,135.0,true,1481387535522,
2546,0.0,136.0,true,1481387536523,
2547,0.0,137.0,true,1481387537527,
2548,0.0,137.0,true,1481387539526,
2549,0.0,139.0,true,1481387540527,
2550,0.0,139.0,true,1481387542529,
2551,0.0,140.0,true,1481387543529,
2552,0.0,143.0,true,1481387545531,
2553,0.0,144.0,true,1481387546532,
2554,0.0,146.0,true,1481387547533,
2555,0.0,146.0,true,1481387548534,
2556,0.0,146.0,true,1481387549536,
2557,0.0,145.0,true,1481387550537,
2558,0.0,144.0,true,1481387551538,
2559,0.0,142.0,true,1481387552541,
2560,0.0,141.0,true,1481387553542,
2561,0.0,140.0,true,1481387554543,
2562,0.0,140.0,true,1481387555546,
2563,0.0,140.0,true,1481387556548,
2564,0.0,139.0,true,1481387557547,
2565,0.0,139.0,true,1481387558549,
2566,0.0,139.0,true,1481387559549,
2567,0.0,140.0,true,1481387560551,
2568,0.0,140.0,true,1481387561552,
2569,0.0,140.0,true,1481387562553,
2570,0.0,140.0,true,1481387563555,
2571,0.0,140.0,true,1481387564556,
2572,0.0,140.0,true,1481387565560,
2573,0.0,139.0,true,1481387566558,
2574,0.0,139.0,true,1481387567559,
2575,0.0,139.0,true,1481387568561,
2576,0.0,139.0,true,1481387569562,
2577,0.0,139.0,true,1481387571564,
2578,0.0,139.0,true,1481387572566,
2579,0.0,140.0,true,1481387573566,
2580,0.0,140.0,true,1481387574568,
2581,0.0,141.0,true,1481387575569,
2582,0.0,141.0,true,1481387576570,
2583,0.0,140.0,true,1481387577571,
2584,0.0,140.0,true,1481387578572,
2585,0.0,140.0,true,1481387579573,
2586,0.0,139.0,true,1481387580574,
2587,0.0,139.0,true,1481387581576,
2588,0.0,139.0,true,1481387582579,
2589,0.0,139.0,true,1481387583577,
2590,0.0,139.0,true,1481387584578,
2591,0.0,139.0,true,1481387585582,
2592,0.0,138.0,true,1481387586584,
2593,0.0,138.0,true,1481387587585,
2594,0.0,137.0,true,1481387588586,
2595,0.0,136.0,true,1481387590588,
2596,0.0,136.0,true,1481387591590,
2597,0.0,135.0,true,1481387592591,
2598,0.0,135.0,true,1481387593592,
2599,0.0,135.0,true,1481387595594,
2600,0.0,135.0,true,1481387596596,
2601,0.0,136.0,true,1481387599604,
2602,0.0,137.0,true,1481387600606,
2603,0.0,137.0,true,1481387601607,
2604,0.0,137.0,true,1481387602609,
2605,0.0,137.0,true,1481387603618,
2606,0.0,137.0,true,1481387604610,
2607,0.0,136.0,true,1481387606612,
2608,0.0,135.0,true,1481387607615,
2609,0.0,135.0,true,1481387608615,
2610,0.0,134.0,true,1481387609616,
2611,0.0,135.0,true,1481387610617,
2612,0.0,135.0,true,1481387611619,
2613,0.0,136.0,true,1481387612621,
2614,0.0,138.0,true,1481387613625,
2615,0.0,139.0,true,1481387614623,
2616,0.0,141.0,true,1481387615624,
2617,0.0,143.0,true,1481387616625,
2618,0.0,145.0,true,1481387617626,
2619,0.0,147.0,true,1481387618627,
2620,0.0,149.0,true,1481387619629,
2621,0.0,151.0,true,1481387620630,
2622,0.0,152.0,true,1481387621630,
2623,0.0,154.0,true,1481387622631,
2624,0.0,156.0,true,1481387623633,
2625,0.0,159.0,true,1481387626637,
2626,0.0,159.0,true,1481387627638,
2627,0.0,159.0,true,1481387628639,
2628,0.0,158.0,true,1481387630641,
2629,0.0,157.0,true,1481387631642,
2630,0.0,157.0,true,1481387632644,
2631,0.0,156.0,true,1481387633644,
2632,0.0,155.0,true,1481387636647,
2633,0.0,154.0,true,1481387637648,
2634,0.0,154.0,true,1481387638649,
2635,0.0,154.0,true,1481387639650,
2636,0.0,154.0,true,1481387640651,
2637,0.0,154.0,true,1481387641652,
2638,0.0,154.0,true,1481387643654,
2639,0.0,153.0,true,1481387645656,
2640,0.0,153.0,true,1481387646657,
2641,0.0,153.0,true,1481387647659,
2642,0.0,153.0,true,1481387648661,
2643,0.0,153.0,true,1481387650662,
2644,0.0,153.0,true,1481387651664,
2645,0.0,152.0,true,1481387653668,
2646,0.0,152.0,true,1481387654670,
2647,0.0,152.0,true,1481387655670,
2648,0.0,152.0,true,1481387656671,
2649,0.0,152.0,true,1481387657671,
2650,0.0,152.0,true,1481387658670,
2651,0.0,153.0,true,1481387660672,
2652,0.0,153.0,true,1481387661673,
2653,0.0,154.0,true,1481387662674,
2654,0.0,155.0,true,1481387663676,
2655,0.0,155.0,true,1481387664678,
2656,0.0,155.0,true,1481387665677,
2657,0.0,154.0,true,1481387666679,
2658,0.0,154.0,true,1481387667679,
2659,0.0,153.0,true,1481387668680,
2660,0.0,153.0,true,1481387669680,
2661,0.0,152.0,true,1481387670681,
2662,0.0,152.0,true,1481387671682,
2663,0.0,151.0,true,1481387673681,
2664,0.0,150.0,true,1481387674682,
